age,income,assets,credit_history,employment_years,gender,residence_type,risk_score,default
67,324250,189629,excellent,15,Female,own,768,0
66,296378,173108,fair,10,Female,mortgage,772,0
62,174019,220245,excellent,19,Male,rent,481,1
23,453524,261018,good,16,Male,own,629,0
29,412288,391524,good,17,Male,own,571,0
26,31221,693865,poor,13,Male,rent,384,0
33,266654,206118,good,18,Male,rent,984,0
39,342453,414752,good,5,Female,rent,252,0
28,380741,368629,good,8,Male,own,253,0
38,493001,182666,fair,6,Female,rent,964,0
62,308611,966040,good,22,Female,own,265,0
54,456353,383523,good,14,Male,rent,509,1
62,249237,270447,good,11,Male,mortgage,518,0
48,373478,720611,poor,8,Male,mortgage,205,0
39,414851,562035,fair,1,Female,mortgage,945,0
25,421364,869209,good,8,Female,mortgage,285,0
30,272906,147346,good,9,Male,rent,754,0
40,510529,162392,good,18,Male,mortgage,867,0
30,260331,207636,excellent,2,Female,mortgage,835,0
21,81726,635960,good,24,Female,mortgage,395,1
29,482047,708325,poor,18,Female,own,252,0
37,522478,309459,good,21,Male,own,80,0
26,157653,421560,good,8,Male,own,525,0
38,60026,304204,good,18,Female,own,763,0
67,110475,454303,good,18,Female,rent,841,0
57,421825,884206,excellent,2,Male,own,664,0
22,89366,130915,good,14,Female,own,333,1
37,326975,966776,fair,17,Female,own,615,1
35,508255,716780,poor,4,Female,rent,208,1
38,412949,63128,good,18,Male,own,132,0
28,357291,356105,poor,4,Female,own,670,0
43,409507,694456,fair,11,Female,rent,916,0
59,139250,496755,excellent,19,Female,rent,513,0
38,140975,745754,excellent,4,Female,own,370,0
62,304279,29428,fair,10,Male,mortgage,446,0
52,370615,509622,good,9,Female,rent,374,0
62,230218,835767,good,17,Male,own,778,0
46,287016,299861,poor,13,Female,own,220,0
39,162198,497230,good,8,Female,mortgage,482,0
68,515692,235474,fair,0,Male,own,977,1
39,138160,694872,good,4,Male,own,757,0
63,109962,814250,fair,11,Male,rent,954,0
61,311569,406827,good,19,Male,own,642,1
50,189316,577831,good,13,Male,own,848,0
30,37832,215121,good,15,Female,own,210,0
39,97129,306828,good,13,Female,mortgage,975,0
25,328452,401555,fair,21,Female,mortgage,780,0
61,392571,265581,fair,21,Female,own,553,1
58,275483,770031,excellent,11,Female,own,911,1
46,219364,430861,poor,5,Male,own,596,1
34,204946,818996,good,23,Female,mortgage,240,1
26,477621,903000,poor,11,Male,own,146,1
24,324398,735576,good,23,Female,own,922,1
68,342430,978058,excellent,9,Male,mortgage,378,0
69,43570,537568,fair,17,Female,own,969,1
35,256005,515092,good,13,Male,mortgage,608,0
37,121816,699639,good,4,Female,mortgage,682,1
29,194163,472935,poor,12,Female,mortgage,960,0
67,328005,874968,poor,13,Male,mortgage,614,0
67,32377,680101,fair,13,Female,own,112,1
62,217351,972709,good,14,Male,own,987,0
61,81802,230641,fair,22,Male,mortgage,511,0
68,318712,250037,good,3,Female,mortgage,331,0
34,226193,44781,excellent,15,Female,own,352,0
26,373739,751079,poor,5,Male,mortgage,828,0
47,292139,871471,poor,23,Male,own,914,0
34,504144,878972,fair,21,Male,own,849,0
61,88088,729636,fair,1,Female,own,266,0
50,185948,711381,good,6,Male,mortgage,806,0
35,219399,672662,good,14,Male,rent,733,1
56,173324,694818,good,19,Male,own,895,0
52,494270,866247,excellent,14,Male,rent,860,0
26,511420,299891,fair,24,Female,own,538,0
57,50250,110879,excellent,0,Male,rent,178,0
22,481033,842952,poor,13,Male,mortgage,827,0
49,225287,708754,excellent,24,Male,own,263,0
33,43924,810052,poor,6,Male,mortgage,548,0
28,412436,704578,poor,19,Female,own,740,0
63,290589,152034,good,20,Female,own,201,0
65,166121,516679,fair,14,Male,rent,839,0
52,394833,73725,good,5,Female,rent,981,0
39,276753,472780,fair,23,Female,own,424,0
28,496018,784813,excellent,14,Male,rent,486,0
56,442179,1000899,good,0,Female,rent,265,0
37,260425,208095,good,21,Female,rent,324,0
20,179047,878386,good,19,Female,own,46,0
23,403046,305394,good,20,Female,own,553,0
44,418726,192542,poor,1,Female,mortgage,33,0
22,110671,562227,good,10,Female,mortgage,899,0
63,290413,581068,good,4,Male,mortgage,382,0
60,416133,56297,good,22,Female,own,749,0
41,507298,631249,fair,21,Female,own,548,0
41,182621,419143,fair,2,Female,mortgage,382,0
44,450760,895811,good,21,Female,rent,293,0
22,435618,752025,fair,16,Male,rent,777,0
24,58800,362478,good,0,Female,mortgage,891,0
49,174600,957957,fair,15,Female,mortgage,461,1
57,65836,540684,good,3,Male,own,777,0
32,81372,276416,good,17,Male,own,687,0
23,326977,224736,fair,5,Male,mortgage,649,1
33,234210,188269,poor,16,Female,own,968,1
35,346111,481319,poor,21,Female,own,551,0
66,72645,298293,good,18,Male,own,793,0
31,318373,248335,good,7,Male,mortgage,603,0
41,383938,993809,good,17,Male,own,461,0
22,332262,430500,poor,20,Female,rent,976,0
65,104173,979992,fair,1,Male,own,848,0
58,462979,400816,poor,18,Female,own,945,1
50,380544,762262,poor,19,Female,own,520,1
60,250186,679510,poor,19,Female,mortgage,573,1
67,172890,225086,fair,6,Male,own,498,0
51,110410,968920,excellent,21,Male,own,368,0
40,331836,624367,good,23,Female,own,483,0
33,261931,946741,good,6,Female,own,207,0
23,353859,544912,good,0,Male,own,188,0
48,60278,29369,excellent,0,Male,rent,118,0
66,82553,872622,fair,2,Male,mortgage,368,0
56,303263,496550,good,10,Male,rent,901,0
34,231553,655326,excellent,20,Female,rent,20,1
46,307574,361661,good,20,Female,own,487,0
21,244593,138960,poor,9,Male,own,201,0
50,283167,949191,excellent,23,Male,rent,445,0
56,214793,828889,good,16,Male,own,142,0
54,63133,630038,fair,13,Female,rent,258,0
43,484311,836098,fair,2,Female,own,316,0
60,116642,179938,good,2,Male,mortgage,709,1
63,176060,884870,good,13,Male,own,836,0
39,440374,24153,excellent,17,Male,own,472,0
55,35257,694432,fair,2,Female,rent,725,0
50,254831,827976,excellent,20,Female,mortgage,924,0
62,236937,632643,fair,20,Male,own,692,0
26,155559,185373,good,16,Male,own,65,0
62,264519,273731,excellent,24,Female,own,614,0
49,464672,630780,poor,14,Male,mortgage,609,0
20,498056,179556,excellent,12,Male,rent,417,0
29,135822,962574,good,8,Female,own,21,1
50,387584,567604,fair,16,Female,mortgage,62,0
35,207967,682792,good,4,Female,rent,999,0
67,286695,328038,fair,18,Female,rent,975,0
67,37737,241694,excellent,24,Female,rent,218,0
67,420897,664272,poor,15,Female,rent,237,0
42,245222,452237,excellent,15,Male,own,706,0
40,414274,281519,good,16,Female,own,52,0
65,214776,579228,excellent,5,Male,rent,480,0
62,259193,305128,excellent,20,Female,own,422,0
46,89281,854608,excellent,18,Female,mortgage,217,0
34,508939,306206,fair,3,Male,rent,700,0
56,338389,474397,poor,21,Male,mortgage,1,0
48,404412,494531,poor,14,Female,own,652,1
37,177666,801549,excellent,22,Female,own,917,0
47,170725,501561,excellent,0,Male,own,33,0
25,96970,901891,fair,6,Female,own,722,0
69,109714,236569,excellent,16,Male,rent,275,0
49,483368,1001388,good,7,Female,own,656,0
24,371108,450328,good,11,Male,own,61,0
65,41410,645140,fair,13,Female,mortgage,196,0
43,488709,986695,poor,7,Female,own,834,0
33,196367,280890,fair,19,Female,rent,348,0
30,496801,791890,excellent,20,Female,mortgage,395,0
31,478513,140632,good,7,Female,own,79,1
27,495136,277213,good,12,Male,own,889,1
32,388799,424792,poor,2,Male,own,733,0
31,287118,621460,good,9,Female,own,109,0
45,226907,343490,excellent,11,Male,own,161,0
39,496889,312177,poor,12,Female,mortgage,661,0
42,414779,949217,fair,13,Female,rent,812,0
22,211376,199144,fair,13,Male,mortgage,161,0
39,41833,930250,fair,24,Male,own,309,0
22,178643,516569,fair,16,Male,own,359,0
54,69211,514494,good,22,Female,rent,573,0
20,144512,159089,good,13,Female,own,338,0
50,468340,594294,good,9,Male,own,799,1
42,100041,946194,good,22,Male,own,579,0
44,204253,86449,fair,24,Male,own,477,0
47,68843,1007730,poor,18,Female,rent,572,0
49,198593,48053,fair,13,Female,rent,717,0
46,337433,510438,good,19,Female,mortgage,471,0
42,484876,292495,good,0,Male,own,582,0
38,374243,893058,excellent,1,Male,own,219,0
34,346931,35876,good,11,Female,own,177,0
69,350573,987030,excellent,17,Male,own,882,0
65,390961,122584,good,4,Male,own,515,0
36,314555,846526,excellent,9,Male,own,571,0
35,376496,681465,excellent,22,Male,own,384,0
41,32140,340013,excellent,19,Female,own,600,0
32,172225,172738,poor,7,Male,mortgage,788,0
35,44754,669832,poor,3,Male,rent,627,0
47,428562,936045,poor,19,Male,own,546,0
41,360234,915941,fair,10,Female,own,245,0
29,387132,989570,poor,20,Male,rent,524,0
67,520328,481091,good,15,Male,rent,262,0
25,170321,744773,fair,13,Female,rent,211,0
66,271805,970659,good,21,Male,own,152,0
20,363745,195747,poor,13,Male,own,427,0
26,286517,28132,good,7,Male,own,444,0
65,269206,173352,poor,6,Male,mortgage,960,0
54,287603,939869,good,14,Male,own,486,0
48,149780,880924,excellent,1,Male,own,622,0
32,519043,74261,poor,22,Female,rent,985,0
39,291719,388544,good,18,Male,own,138,0
24,517437,239788,fair,8,Male,rent,669,0
50,60497,232165,fair,23,Male,rent,844,0
66,421142,224741,excellent,12,Male,mortgage,62,0
23,156348,712973,good,11,Male,own,553,0
28,79970,633180,poor,2,Female,own,743,0
24,290929,856227,good,5,Male,rent,244,0
54,236760,606198,excellent,1,Male,mortgage,902,0
50,524025,23476,good,13,Female,own,281,0
44,401395,833502,good,2,Female,own,356,0
47,149379,739649,fair,20,Male,rent,308,0
50,443243,380086,poor,12,Female,mortgage,26,0
32,254308,110219,fair,14,Male,own,629,0
38,267535,879919,excellent,7,Male,own,675,0
50,303730,712990,excellent,22,Female,rent,634,0
43,148821,181779,fair,14,Female,mortgage,878,0
57,453755,20161,good,14,Male,own,522,0
48,164367,454318,fair,16,Female,mortgage,375,0
35,273768,103164,good,3,Male,own,218,0
36,465687,705371,good,24,Male,own,740,0
26,433673,10025,excellent,22,Female,own,28,0
36,472969,64646,good,3,Female,mortgage,75,0
33,405707,80478,good,14,Female,mortgage,193,0
52,457836,193404,fair,10,Male,mortgage,628,0
42,134350,370433,good,4,Female,rent,524,0
66,483270,569363,good,19,Male,mortgage,26,0
44,362634,937414,poor,11,Female,own,692,1
60,174231,740330,excellent,10,Female,rent,61,0
47,375554,930706,poor,2,Female,rent,982,0
26,282600,730601,good,0,Male,own,460,1
63,58502,930683,good,21,Male,rent,875,0
42,393112,722565,good,18,Male,mortgage,752,0
33,170208,737313,fair,10,Male,own,639,1
54,337037,368014,good,12,Female,own,247,0
51,287863,168399,fair,11,Male,own,107,0
54,236590,31852,good,6,Female,mortgage,339,0
31,328192,206307,fair,8,Female,own,780,0
66,474634,161614,poor,22,Female,own,339,0
31,337957,560909,good,10,Female,mortgage,761,0
50,311595,444566,good,8,Female,own,285,0
36,398218,653724,good,7,Male,own,673,0
47,279771,709451,good,18,Male,mortgage,85,0
54,349512,73808,good,19,Male,own,428,0
44,408257,833843,poor,2,Male,own,972,0
36,514481,242052,poor,17,Male,own,966,0
63,265495,50157,good,16,Male,own,254,1
27,287203,879350,fair,15,Male,own,870,0
36,182002,381812,good,6,Female,own,519,1
42,311825,386987,good,21,Male,rent,149,0
55,222633,168348,poor,24,Male,own,661,1
31,487570,415018,good,12,Female,rent,483,0
23,116265,524162,good,4,Female,own,53,1
29,276878,864542,good,20,Male,own,20,0
44,225937,485790,good,2,Female,mortgage,212,0
48,323370,248845,poor,15,Female,mortgage,461,0
21,235889,295320,fair,3,Male,rent,358,0
38,127717,412651,good,15,Female,mortgage,851,0
27,419488,58221,good,3,Female,own,876,0
24,258914,250864,poor,15,Female,rent,419,1
39,58853,975168,good,20,Female,rent,167,0
38,442517,436812,fair,3,Female,own,255,0
24,56086,642159,excellent,20,Male,mortgage,734,0
69,86044,541259,fair,7,Female,mortgage,283,1
64,58138,908592,good,2,Male,own,6,1
29,192519,205102,excellent,24,Male,mortgage,573,1
69,58090,340756,fair,9,Female,own,942,0
29,453501,799954,poor,4,Female,mortgage,534,1
63,124901,442245,good,1,Male,own,605,0
52,508530,192364,excellent,8,Male,own,124,1
21,210264,856903,good,17,Female,own,199,0
50,254169,868880,excellent,23,Male,own,856,1
35,101214,457152,good,7,Female,mortgage,86,0
51,230900,581702,poor,0,Male,mortgage,394,0
28,485792,321320,good,3,Male,mortgage,461,0
25,440361,814702,good,10,Female,mortgage,570,0
35,221882,926290,fair,9,Female,rent,657,1
41,310880,217617,fair,4,Female,rent,919,0
44,227392,323455,good,3,Male,own,602,0
69,145377,761122,good,6,Male,mortgage,527,0
47,91639,914166,good,16,Male,rent,34,0
53,529240,360883,good,14,Male,own,667,0
53,236207,147024,excellent,11,Female,mortgage,823,0
50,507311,741380,poor,15,Female,mortgage,418,1
53,226844,853883,good,4,Male,own,73,0
26,498130,671667,poor,23,Male,own,770,0
68,512100,550681,good,21,Female,rent,978,0
56,477120,749408,good,11,Male,own,261,0
46,358572,132471,fair,3,Female,own,118,0
65,413219,426563,excellent,16,Male,own,996,0
51,222856,456944,excellent,0,Male,own,816,0
68,259286,214942,poor,24,Male,own,760,0
67,49123,484157,excellent,3,Female,rent,687,0
55,275284,97279,fair,20,Male,mortgage,865,0
30,309040,944036,excellent,8,Female,own,179,0
62,155435,568917,poor,3,Female,mortgage,124,0
62,430249,215719,good,1,Female,own,552,0
65,95534,256928,good,1,Male,rent,95,1
33,335575,850891,good,13,Male,own,460,1
65,141674,831506,good,19,Male,mortgage,642,0
59,242634,702569,poor,13,Male,own,145,0
28,221472,855011,good,5,Female,rent,422,0
32,495067,191952,poor,10,Female,own,924,1
26,244518,263405,good,18,Female,rent,52,1
60,162244,260435,poor,20,Female,rent,344,0
68,442589,189003,fair,9,Female,own,842,0
49,106274,344112,excellent,9,Male,rent,729,0
51,345269,867285,poor,10,Male,own,889,0
48,288057,10879,poor,0,Female,rent,873,1
40,520070,709409,poor,7,Male,own,342,0
35,77567,174429,excellent,14,Male,mortgage,716,0
47,287739,694691,poor,5,Female,own,891,0
49,321019,80579,good,23,Female,mortgage,954,0
53,31499,173096,good,24,Female,own,237,1
23,315755,684760,excellent,9,Male,rent,850,1
54,398586,268729,good,4,Female,own,916,0
39,458297,687569,good,12,Male,own,234,0
60,355345,75593,fair,4,Female,rent,720,0
33,528372,470866,fair,16,Female,rent,989,1
47,499508,393064,good,16,Female,own,495,0
23,418231,108627,poor,19,Female,own,341,0
34,38381,227667,excellent,17,Male,own,907,0
53,477580,798500,good,24,Female,mortgage,570,0
42,296640,996286,good,21,Male,rent,791,0
29,160291,537022,fair,0,Female,mortgage,865,0
23,175292,905609,excellent,3,Female,rent,486,0
29,490375,791667,good,11,Male,mortgage,480,0
49,471018,125776,excellent,7,Male,own,444,1
45,166161,414711,excellent,17,Female,own,115,0
62,335967,132176,poor,24,Female,mortgage,225,0
27,478967,796971,good,2,Male,mortgage,786,0
41,129173,987965,fair,11,Male,mortgage,208,0
41,364114,694588,fair,8,Male,mortgage,344,0
65,520347,155719,poor,6,Male,own,859,0
25,374249,763026,good,12,Male,own,74,0
57,433256,331410,good,0,Female,own,329,0
63,432577,94903,good,5,Male,own,738,0
62,516730,134938,excellent,3,Male,own,9,0
27,269776,382180,excellent,7,Male,own,251,0
40,324738,267464,poor,11,Female,rent,112,0
27,88863,634314,good,7,Female,rent,40,0
36,406915,136063,fair,1,Female,own,49,0
35,350085,191882,poor,6,Male,mortgage,325,0
27,402132,324085,fair,18,Female,own,487,1
25,53841,465932,excellent,2,Male,own,504,0
68,525528,49199,fair,5,Female,own,272,0
25,407742,84467,fair,2,Male,mortgage,175,0
38,440507,1008400,fair,2,Female,mortgage,641,1
60,314692,590297,good,24,Male,own,26,0
42,362030,331658,poor,7,Female,mortgage,170,0
24,205709,975571,excellent,5,Male,rent,125,1
62,116283,364695,good,10,Male,rent,966,1
50,228131,984116,excellent,13,Female,mortgage,363,0
35,51752,401799,fair,19,Female,own,605,1
55,305386,646439,fair,10,Male,own,208,0
60,185933,263310,good,2,Female,mortgage,241,0
42,182003,440937,good,15,Male,own,823,0
68,204585,567572,good,5,Female,own,5,1
43,42134,834782,excellent,19,Male,rent,572,0
49,437167,924703,good,0,Male,mortgage,841,0
25,91612,956984,good,12,Female,rent,288,0
31,410821,27420,fair,4,Female,own,109,0
54,217319,94501,poor,5,Female,own,246,1
46,459027,674191,fair,17,Female,own,180,0
31,65910,836224,fair,9,Female,own,316,0
65,272522,876026,poor,19,Male,mortgage,535,0
47,97470,882145,poor,20,Male,own,251,0
59,142299,707958,poor,21,Male,mortgage,8,0
25,448877,528004,poor,1,Female,rent,13,0
22,519927,227383,fair,23,Male,rent,887,1
58,498089,243702,good,2,Male,own,593,0
47,48557,583339,good,10,Male,mortgage,385,0
31,31285,310403,poor,22,Male,own,698,0
36,92992,290135,fair,19,Female,mortgage,756,0
58,524105,602188,excellent,12,Male,rent,227,0
39,443993,675629,poor,3,Female,rent,506,0
35,124829,966443,poor,16,Male,own,575,0
53,506355,798326,excellent,17,Female,mortgage,659,0
50,103029,614839,good,15,Male,mortgage,890,0
44,181571,845299,excellent,1,Male,own,66,0
38,165570,91216,good,15,Male,mortgage,809,0
28,370473,684249,good,14,Female,mortgage,385,0
48,365221,533100,good,11,Male,mortgage,628,0
46,430141,211112,fair,12,Female,mortgage,62,0
69,284953,56069,excellent,7,Male,own,560,0
54,88037,172623,fair,7,Male,rent,889,0
55,276939,776425,good,14,Male,own,299,1
21,479944,766137,good,6,Male,own,35,0
32,217151,690619,good,7,Female,own,566,1
42,405864,83184,fair,0,Female,mortgage,674,1
38,185645,63613,good,6,Male,own,986,0
61,266688,719364,poor,7,Female,own,155,1
63,79216,745530,good,12,Female,rent,125,0
43,79944,945051,fair,20,Female,mortgage,599,0
68,120462,364495,good,10,Male,own,61,0
45,263624,568182,good,15,Male,rent,148,0
34,230768,21907,good,24,Male,mortgage,886,0
34,464647,903946,fair,12,Male,rent,45,0
50,323779,413213,good,2,Male,mortgage,104,0
28,227288,146283,excellent,1,Female,mortgage,592,0
50,400932,932089,fair,5,Female,own,749,0
36,185174,791043,good,14,Male,own,258,0
31,437687,175835,fair,12,Male,rent,593,0
52,323496,737887,good,2,Female,mortgage,825,1
34,193061,1005836,good,4,Female,own,295,0
34,36278,194539,good,2,Female,mortgage,241,0
42,515884,130519,good,1,Female,own,175,1
24,441290,923528,excellent,23,Male,mortgage,592,0
69,253138,920963,excellent,9,Male,own,334,0
23,427083,686413,excellent,3,Female,rent,502,0
24,506174,698046,good,10,Female,own,724,0
26,223344,942406,fair,9,Female,own,862,0
48,302399,301799,excellent,13,Male,own,323,0
54,299698,425296,good,6,Male,mortgage,390,0
20,283376,78470,good,23,Male,rent,384,0
29,70921,687428,good,5,Female,own,940,1
56,163560,148065,good,20,Male,own,862,0
40,244885,191455,poor,23,Male,own,468,1
34,474782,61771,poor,5,Female,rent,539,0
31,116498,595122,good,2,Male,mortgage,288,0
45,426306,829938,excellent,4,Female,own,544,0
48,291050,705760,fair,12,Female,mortgage,129,0
64,295297,308203,poor,23,Male,mortgage,284,1
55,455937,265094,excellent,8,Female,own,296,0
68,284689,566347,good,22,Female,mortgage,739,0
59,243371,826617,good,2,Female,mortgage,637,0
69,447881,362827,good,3,Male,own,470,0
44,429240,636537,poor,6,Male,own,726,1
61,464416,945426,fair,18,Female,own,848,1
51,483101,512503,fair,7,Female,rent,500,0
32,44587,272772,fair,1,Female,rent,222,0
35,121546,628735,poor,4,Female,rent,956,1
20,87567,964586,excellent,12,Female,rent,841,1
49,406635,976153,good,1,Male,mortgage,386,0
48,398204,282675,good,9,Male,rent,519,0
52,262197,835023,excellent,3,Male,own,545,0
56,165753,342021,good,21,Female,rent,230,0
56,456521,828985,good,4,Male,own,777,0
54,249162,504980,fair,19,Male,own,332,0
31,41063,739031,excellent,16,Female,mortgage,33,1
40,455116,446550,fair,22,Male,rent,301,0
46,340364,982802,fair,20,Female,own,974,0
31,479177,276156,fair,2,Female,own,893,0
63,148725,869989,good,0,Female,mortgage,371,1
27,319678,481905,excellent,20,Male,own,401,0
25,164328,709504,fair,11,Male,rent,249,0
25,84546,504747,poor,21,Male,rent,754,0
45,293279,819573,excellent,11,Male,own,739,0
20,43446,559076,excellent,22,Male,own,253,0
44,252333,864381,poor,20,Male,own,222,0
62,360743,182819,excellent,1,Female,mortgage,414,1
31,404740,727965,fair,0,Female,mortgage,222,0
69,266684,533618,fair,5,Male,own,851,0
41,320186,996256,excellent,20,Male,own,343,0
24,466277,438870,good,14,Male,rent,242,0
35,263694,621546,good,0,Male,rent,554,1
32,401640,793633,good,7,Male,mortgage,427,1
54,493041,377553,fair,24,Female,mortgage,559,0
24,324410,1007275,poor,22,Male,own,511,0
27,449330,645691,poor,12,Female,mortgage,834,0
23,480091,465350,excellent,16,Male,own,331,0
62,334131,960381,poor,4,Male,own,304,0
32,523730,981412,good,10,Female,own,968,0
63,524797,259696,good,18,Female,own,777,0
57,405837,335845,good,6,Female,own,667,0
34,86287,354468,good,11,Female,own,461,1
69,111297,753249,poor,2,Male,own,918,0
59,387026,544614,fair,5,Female,own,143,0
51,489046,656888,good,8,Female,own,395,0
45,61477,302798,good,7,Female,mortgage,374,1
67,286784,434741,excellent,16,Female,mortgage,116,0
22,38495,110269,poor,16,Female,own,764,0
54,212886,560442,good,10,Female,mortgage,397,0
59,52479,416904,good,21,Male,own,622,0
67,409806,573205,poor,6,Female,rent,936,0
50,79836,619377,excellent,21,Male,rent,934,0
37,89145,731963,good,14,Female,own,873,0
64,64196,594149,excellent,3,Male,mortgage,304,0
37,422206,887997,excellent,20,Male,mortgage,238,1
40,63319,631836,good,16,Male,mortgage,663,0
69,112800,895808,good,16,Male,own,248,0
46,386326,322604,good,7,Female,rent,247,0
47,278731,312268,good,13,Male,rent,294,0
29,519706,279451,poor,21,Female,rent,828,0
62,441776,758191,excellent,3,Male,own,219,0
20,214464,280939,fair,10,Female,mortgage,979,0
52,356486,223782,good,17,Male,own,470,0
23,254962,192316,fair,22,Male,mortgage,297,0
34,302281,119936,fair,7,Male,own,804,0
45,109098,828822,good,24,Male,mortgage,754,0
40,158439,470744,fair,4,Female,mortgage,1,1
51,344177,251266,good,19,Male,own,681,0
40,111795,774397,fair,5,Male,rent,359,0
33,135555,140693,excellent,22,Male,own,149,1
46,194395,915056,fair,14,Male,own,752,0
68,267260,847250,good,6,Female,rent,927,0
68,382156,893645,excellent,18,Male,own,956,0
61,249187,369261,poor,23,Male,own,792,1
28,57489,991288,excellent,5,Female,rent,922,0
30,257174,147144,good,6,Male,mortgage,342,0
64,310534,621679,excellent,16,Female,own,369,0
58,268699,103313,excellent,18,Male,own,788,0
27,39835,205488,excellent,16,Female,mortgage,297,1
60,428442,264910,fair,5,Male,mortgage,648,0
65,403171,676278,excellent,16,Female,mortgage,3,0
24,357067,287563,poor,13,Male,own,812,0
66,512609,345260,good,12,Male,mortgage,473,0
48,229721,39614,good,5,Male,own,67,0
49,330658,32196,fair,14,Male,rent,682,0
27,365573,985331,fair,16,Female,rent,956,0
27,377251,111547,good,4,Male,own,556,1
69,233321,762924,excellent,9,Female,rent,988,1
21,469358,172260,excellent,6,Female,own,521,0
64,296909,643667,good,1,Male,own,556,0
49,144144,925443,fair,6,Male,mortgage,683,0
69,57797,963740,excellent,19,Male,mortgage,358,1
69,236958,624424,poor,7,Female,mortgage,203,0
51,112637,389715,poor,12,Female,rent,369,0
54,170941,314851,good,23,Male,own,963,0
52,439658,779469,good,1,Male,own,361,0
28,46967,609980,poor,24,Female,own,45,0
65,121536,1007866,poor,8,Female,own,836,0
59,366091,966100,good,20,Male,mortgage,106,0
56,214142,884777,fair,22,Male,rent,82,0
54,290077,331461,fair,11,Female,own,598,1
36,172504,592336,poor,12,Male,rent,850,0
28,318733,429354,fair,17,Male,own,707,0
69,408476,100294,fair,16,Female,own,327,0
62,507468,218218,good,17,Female,own,439,0
62,481536,997158,fair,7,Male,own,434,1
41,126242,497454,excellent,16,Female,own,592,0
31,376508,635107,fair,24,Female,own,288,1
56,482397,945812,poor,1,Female,mortgage,162,0
63,204426,284019,fair,11,Male,mortgage,307,0
66,377589,72082,excellent,11,Female,mortgage,550,0
27,154356,716368,good,12,Female,own,140,1
58,128516,736873,poor,6,Female,rent,847,0
37,152153,11697,good,22,Male,own,805,0
42,317814,627758,good,9,Female,mortgage,996,0
48,503001,563638,poor,6,Female,rent,648,1
66,390334,767850,fair,2,Male,own,249,0
65,243519,370462,good,1,Male,own,906,0
36,396428,12578,good,2,Male,own,736,0
64,490141,630174,good,24,Female,mortgage,251,0
52,166225,779490,excellent,23,Male,rent,656,0
57,452040,946360,poor,2,Male,mortgage,869,0
62,364167,226329,good,10,Male,own,373,0
52,137423,419193,good,23,Male,rent,264,0
20,479107,986408,fair,6,Male,own,496,1
48,380588,1006371,poor,7,Female,own,222,0
51,176048,152535,excellent,4,Male,own,45,0
55,199737,644273,good,24,Female,rent,111,0
69,446068,65050,poor,12,Male,mortgage,489,0
39,517350,921858,poor,22,Male,own,638,0
23,129154,89320,fair,7,Male,own,377,0
67,380432,626267,excellent,7,Male,own,684,1
30,390709,183678,poor,4,Female,own,442,0
46,248463,66395,good,5,Female,rent,872,0
56,190096,300131,poor,0,Female,mortgage,32,0
23,328170,1002188,excellent,11,Female,own,708,0
30,367981,61090,good,18,Female,rent,34,0
44,300609,454128,fair,10,Female,rent,102,0
25,56286,587886,good,15,Male,own,668,0
26,60837,329758,fair,13,Male,rent,379,1
34,232417,963788,good,13,Female,own,44,1
66,117790,771044,good,6,Male,mortgage,214,1
35,231459,120069,excellent,3,Female,rent,130,0
54,182943,152552,good,19,Male,mortgage,610,0
69,350585,115673,excellent,18,Male,own,306,0
30,317355,89396,good,20,Female,rent,917,0
27,490309,978796,poor,0,Female,own,538,0
65,218110,918094,good,19,Male,own,819,0
58,289867,87623,excellent,6,Male,own,568,0
48,240060,854132,good,12,Female,own,317,0
33,295527,370934,excellent,9,Male,own,690,1
35,326485,403501,good,16,Female,own,124,0
56,450793,668405,fair,18,Female,own,730,0
54,508869,33261,fair,18,Male,own,457,0
48,312546,375244,fair,14,Male,mortgage,102,1
26,191620,252583,fair,10,Male,mortgage,525,0
25,93135,42932,excellent,7,Male,own,945,0
22,81662,581259,fair,17,Male,own,997,0
50,160058,697984,good,5,Female,own,45,0
49,322140,841235,poor,13,Male,own,218,0
46,438190,202925,good,23,Female,mortgage,185,0
22,238431,494156,good,12,Male,mortgage,216,0
52,463815,600743,good,10,Male,rent,710,0
43,166004,169046,good,7,Female,own,254,0
26,311875,980575,poor,23,Male,own,100,1
34,463642,492403,excellent,2,Female,rent,160,0
66,185672,932733,excellent,13,Female,rent,90,0
37,488047,43812,good,17,Female,rent,251,0
64,31289,52228,good,13,Female,rent,910,1
55,224967,503138,excellent,7,Male,rent,166,0
50,403360,638912,good,19,Female,rent,762,0
49,412262,331298,poor,10,Male,own,445,0
44,362880,828900,good,14,Male,mortgage,929,0
37,211294,896065,fair,22,Female,own,409,0
64,152880,975948,poor,16,Female,own,480,0
37,140388,964191,excellent,19,Male,rent,61,0
32,239703,168448,excellent,6,Male,own,142,1
59,36653,915073,poor,10,Male,mortgage,469,0
35,68978,206415,fair,1,Male,rent,199,0
51,359538,425616,excellent,21,Male,own,929,0
48,476065,156896,excellent,1,Female,rent,116,0
39,418384,284354,excellent,4,Male,own,162,0
68,238431,957317,fair,13,Male,own,816,0
26,458635,193574,excellent,14,Female,own,816,0
32,381490,46432,excellent,5,Female,mortgage,759,0
20,353725,141525,excellent,14,Male,rent,978,0
38,92764,33759,poor,21,Female,own,606,1
28,389457,890815,excellent,6,Male,own,757,1
36,347669,126976,poor,23,Female,mortgage,887,1
33,485665,623225,good,13,Female,own,176,0
34,299033,155744,good,4,Female,own,317,0
55,101637,282723,fair,1,Male,mortgage,196,0
53,131292,397429,poor,14,Female,own,35,0
44,456274,388090,excellent,5,Female,own,441,0
45,62605,746372,good,15,Female,rent,897,1
51,490150,726423,good,9,Male,mortgage,337,1
37,435782,338430,good,9,Female,mortgage,277,0
40,468688,658018,poor,17,Male,mortgage,368,0
22,278681,164639,good,15,Male,own,602,1
39,90058,388159,good,9,Male,mortgage,926,0
57,99537,795491,good,10,Female,mortgage,157,1
33,62844,913479,excellent,15,Male,rent,135,0
58,311892,17153,excellent,16,Male,mortgage,881,0
20,51491,691159,excellent,6,Female,rent,346,0
59,275929,685616,excellent,2,Male,rent,391,0
61,475286,51754,fair,17,Male,own,603,1
21,145387,47260,good,16,Male,mortgage,586,0
41,244080,728378,good,13,Male,mortgage,16,0
52,305959,217941,fair,16,Male,own,492,0
56,325291,147002,poor,20,Female,own,66,0
40,416523,265718,fair,12,Female,rent,117,1
22,273622,368825,good,16,Female,mortgage,256,0
39,270712,794147,good,6,Male,own,99,0
69,89666,725209,poor,22,Female,mortgage,883,1
45,441773,597384,excellent,15,Male,mortgage,328,1
59,417845,721079,good,21,Female,mortgage,941,0
68,36196,47518,poor,10,Male,mortgage,489,0
38,423297,481932,good,15,Female,own,789,0
49,118765,418142,fair,15,Female,mortgage,54,0
37,76385,86654,good,13,Male,mortgage,220,0
57,380245,572645,fair,12,Male,own,789,0
69,47609,475731,excellent,20,Male,mortgage,409,0
52,123378,318883,fair,18,Male,mortgage,967,0
25,322869,264253,excellent,15,Male,mortgage,926,0
65,151494,996652,fair,18,Female,rent,185,0
25,414417,390985,excellent,6,Female,rent,909,0
66,441326,965881,excellent,9,Male,rent,644,0
64,389904,161194,good,2,Female,mortgage,154,0
43,383439,582816,good,4,Male,mortgage,145,0
28,229764,739622,poor,22,Female,own,240,0
69,92149,57699,poor,1,Male,own,57,0
46,295990,241814,excellent,17,Female,own,789,0
52,235541,318796,poor,20,Male,mortgage,474,0
51,490906,743386,fair,14,Male,own,298,0
44,121375,872476,excellent,2,Female,own,698,0
37,117977,336704,good,13,Male,own,776,0
53,287393,563789,good,9,Male,own,52,0
21,90632,516965,good,21,Male,mortgage,885,0
24,322828,496014,excellent,24,Male,mortgage,4,0
69,79450,407122,excellent,23,Male,own,830,0
63,310083,451210,fair,14,Male,own,924,0
36,152677,198702,excellent,15,Female,own,406,1
52,506946,258260,excellent,3,Male,mortgage,808,0
29,384353,216215,good,21,Female,own,969,1
42,259072,195729,poor,11,Male,own,451,0
60,511881,666319,fair,15,Male,own,287,0
46,149220,754748,good,14,Female,own,397,0
34,454299,220182,good,11,Female,own,185,0
35,445860,277416,fair,0,Female,rent,886,0
34,81611,636924,poor,3,Male,own,145,0
30,169093,874032,excellent,8,Female,mortgage,45,0
68,269331,967746,fair,12,Male,rent,866,0
49,218951,507197,good,12,Female,own,664,0
29,180452,418516,excellent,17,Male,rent,98,1
29,435314,68579,excellent,16,Male,mortgage,395,0
23,115131,172504,good,0,Female,rent,331,1
22,393525,252247,fair,16,Female,mortgage,765,0
69,246319,756748,good,2,Male,own,438,1
60,463749,753785,fair,2,Female,rent,592,0
61,372227,824096,poor,7,Female,rent,963,1
39,299104,30048,excellent,4,Female,own,315,1
26,115368,686719,good,5,Male,own,657,0
54,147074,858020,poor,13,Female,own,513,1
41,174322,522901,poor,24,Male,own,406,0
30,408096,477652,fair,12,Female,mortgage,899,0
58,418005,455970,good,19,Female,mortgage,973,0
45,484414,744509,good,15,Male,own,38,0
20,209253,932661,fair,19,Male,own,755,0
25,128018,575160,good,8,Female,own,958,0
21,211152,630178,good,16,Female,mortgage,693,0
42,428529,984810,poor,0,Female,own,4,0
52,423684,246416,good,3,Male,mortgage,60,0
65,350922,90716,fair,14,Male,own,48,0
32,232162,496456,good,23,Female,own,420,0
69,500691,28522,excellent,13,Female,own,953,0
35,198715,446767,fair,3,Male,own,70,1
20,290730,906946,poor,11,Male,rent,328,0
52,526422,666131,fair,22,Male,own,929,0
32,45996,546468,good,21,Male,own,784,0
69,192355,423653,poor,22,Male,mortgage,37,1
22,103082,613133,poor,12,Female,own,60,0
62,57578,183273,excellent,11,Male,own,935,0
41,153707,451395,good,22,Male,mortgage,385,0
22,446021,581481,good,24,Female,own,836,0
33,161747,402982,fair,2,Female,own,644,1
49,142840,357038,good,10,Male,rent,923,0
27,181851,59254,fair,3,Female,rent,876,0
32,184922,216093,fair,2,Female,own,646,1
40,326272,842744,excellent,24,Male,own,284,0
55,497764,790968,good,9,Female,rent,123,0
45,361932,413371,excellent,24,Female,own,770,1
61,137004,221138,good,24,Male,own,475,0
36,146801,463214,good,23,Female,mortgage,195,0
25,452677,493482,good,24,Female,own,904,0
49,310888,552990,fair,9,Male,own,705,0
26,459737,917165,fair,4,Male,mortgage,731,1
65,228760,782206,good,2,Male,own,23,0
54,290772,574244,good,16,Female,rent,501,0
28,376047,927112,good,4,Female,rent,611,0
36,230720,833699,good,0,Female,rent,355,0
27,208849,261282,good,8,Male,rent,960,1
58,307665,209852,fair,23,Female,own,586,1
37,368268,490095,poor,7,Female,mortgage,238,0
20,452592,919855,fair,16,Male,mortgage,879,0
45,110708,96304,poor,24,Male,own,804,0
40,521873,590228,good,12,Male,own,584,0
56,197845,155827,poor,10,Male,own,359,0
45,480498,483690,good,5,Male,own,438,0
58,204158,775706,fair,18,Male,rent,334,1
40,61962,883374,good,7,Female,own,109,1
56,81692,512414,good,24,Female,own,822,0
63,503969,271711,good,23,Male,own,60,0
54,208328,87293,poor,2,Female,rent,130,0
55,179502,384687,excellent,11,Male,own,691,0
20,266053,1001771,good,8,Female,own,360,1
36,156272,15058,good,13,Female,rent,472,0
51,349798,662265,fair,0,Female,own,126,0
34,121521,484554,good,20,Male,own,784,0
52,492577,953204,good,23,Male,rent,483,1
25,474565,286470,fair,13,Female,own,369,0
38,345266,594395,good,20,Male,rent,323,0
56,169329,619690,excellent,12,Female,rent,357,1
54,450856,613614,fair,10,Female,own,839,1
31,42922,350884,good,12,Male,own,461,0
45,94486,904237,good,8,Female,rent,102,0
65,73090,298580,good,15,Female,own,233,1
58,412369,25382,excellent,23,Male,mortgage,793,0
52,447851,982104,good,16,Female,rent,979,0
62,284417,363116,good,22,Female,own,351,0
67,451464,802992,good,11,Female,own,105,1
22,298362,853921,excellent,6,Female,mortgage,910,1
27,76409,179195,excellent,23,Male,rent,186,0
45,425295,225543,fair,3,Female,own,223,0
40,51529,26624,good,8,Male,own,250,0
20,401923,326757,fair,14,Male,rent,519,0
46,279966,662975,excellent,19,Female,own,865,1
44,436284,529223,excellent,14,Female,mortgage,522,1
60,256193,35930,good,15,Male,mortgage,967,0
63,405584,728028,excellent,5,Male,rent,548,0
34,347804,843389,good,19,Male,mortgage,476,0
32,265729,990633,excellent,1,Male,own,568,0
65,213446,867364,good,8,Female,own,917,0
22,69038,621900,good,15,Female,own,131,1
57,510015,34023,fair,13,Female,rent,429,0
33,285242,1004812,excellent,13,Male,rent,280,1
20,242567,621100,good,17,Male,own,753,1
55,485953,290039,good,2,Male,own,60,0
52,444114,143617,poor,17,Male,mortgage,299,1
29,348615,932184,poor,10,Male,own,94,0
53,356797,1004931,poor,16,Male,own,952,1
33,439985,272746,fair,16,Male,own,818,0
43,192860,351896,excellent,9,Male,rent,344,0
39,234101,703975,good,16,Female,rent,507,1
60,105268,213817,excellent,19,Male,own,683,0
22,488705,40357,fair,11,Female,own,535,0
33,399371,531670,good,5,Male,rent,210,0
56,140537,804474,fair,3,Male,mortgage,113,0
28,369864,252100,poor,19,Male,own,656,0
48,51928,72838,excellent,11,Male,rent,642,0
28,255050,544731,good,12,Male,mortgage,807,0
38,345782,154723,fair,1,Male,rent,677,0
51,128078,859819,good,3,Male,own,482,0
48,148218,774293,excellent,2,Male,rent,103,0
37,338145,902693,fair,20,Female,own,683,0
38,284869,540644,good,8,Male,mortgage,298,0
47,232897,804521,good,15,Female,mortgage,112,0
61,429489,889331,poor,18,Female,mortgage,699,0
25,314800,459632,good,19,Female,rent,198,0
52,80058,856002,fair,20,Male,own,185,1
49,368107,949491,fair,1,Female,mortgage,511,1
60,380583,36048,poor,16,Male,rent,594,1
30,164294,28278,excellent,9,Male,own,549,0
61,257034,478287,poor,18,Female,rent,48,1
60,466899,848009,good,4,Male,rent,46,0
53,306677,709782,poor,21,Female,own,90,1
37,246567,703344,good,11,Female,mortgage,793,0
48,306063,800423,good,8,Female,rent,512,0
62,264313,123930,good,12,Female,rent,523,1
23,461888,301515,poor,14,Female,mortgage,232,1
38,114735,250060,excellent,20,Male,own,502,0
25,267666,11125,fair,12,Female,rent,224,0
56,64152,730940,good,15,Male,rent,405,0
61,356750,745757,excellent,8,Female,own,976,0
33,464631,221628,excellent,12,Male,mortgage,634,0
57,395171,190321,poor,7,Male,mortgage,886,0
40,286639,437699,good,20,Female,own,125,0
39,161942,423227,good,8,Female,own,595,0
20,270175,322067,poor,6,Female,own,517,0
61,242642,88805,good,20,Male,own,228,0
66,332678,145634,excellent,21,Female,mortgage,642,1
25,166013,918888,good,0,Male,own,28,0
34,224842,708812,fair,19,Female,mortgage,798,1
33,92167,219488,good,4,Female,own,692,0
25,142566,896933,excellent,24,Female,own,873,0
64,515111,189023,fair,13,Female,own,596,0
34,333240,732265,good,14,Female,rent,368,0
60,261244,37891,good,17,Female,mortgage,650,0
64,456994,204893,good,2,Male,mortgage,7,0
59,67263,579225,good,8,Female,own,748,1
67,440322,380587,fair,21,Female,rent,927,0
62,176638,403498,fair,14,Female,mortgage,471,0
55,282303,367266,good,5,Male,rent,926,0
63,435180,477066,good,17,Male,mortgage,246,0
53,118411,560618,good,16,Male,own,532,1
44,88098,524219,excellent,19,Female,mortgage,490,0
55,192570,340025,good,13,Male,own,834,0
25,169995,627271,fair,22,Male,own,26,0
40,37331,868830,good,13,Male,rent,434,0
52,434825,916466,excellent,0,Female,own,254,0
24,415795,965077,poor,22,Male,rent,690,1
22,267528,810870,fair,6,Male,own,360,0
39,505786,765655,excellent,8,Male,own,740,0
64,148992,34535,good,4,Female,own,51,1
50,393098,568206,poor,2,Female,own,160,0
47,174860,17096,good,12,Male,own,900,0
42,396266,116164,excellent,18,Male,mortgage,682,0
27,337864,326988,good,7,Female,own,181,0
22,51108,311832,good,17,Female,mortgage,274,0
42,209735,469674,good,7,Female,own,178,1
58,79713,771927,excellent,6,Male,rent,199,1
42,418933,299413,poor,14,Male,mortgage,44,0
44,263398,535745,good,5,Female,own,228,0
68,247955,796397,good,15,Male,own,110,0
51,57559,764465,fair,20,Female,own,942,1
24,133475,350004,excellent,4,Female,mortgage,276,0
23,367963,659018,poor,11,Male,rent,912,0
42,343270,693426,excellent,4,Male,mortgage,909,0
53,274167,859029,fair,2,Male,own,688,0
61,319057,466882,fair,3,Female,mortgage,283,0
34,330065,636424,good,17,Male,mortgage,963,0
63,482841,769043,good,24,Female,mortgage,34,0
55,382304,43029,good,10,Female,rent,123,0
49,285515,176044,good,2,Male,rent,896,0
20,435856,889008,poor,22,Female,mortgage,789,0
23,66218,468985,good,7,Male,own,246,0
53,179719,975756,good,9,Female,mortgage,946,1
26,449324,945466,fair,4,Female,own,938,0
51,197309,984372,good,16,Female,own,90,0
42,99784,608533,excellent,1,Female,own,759,0
42,164643,331351,good,0,Male,rent,158,0
61,215346,917238,good,14,Male,own,36,0
41,176221,440981,poor,17,Female,own,912,0
64,31724,228767,fair,5,Female,rent,950,0
67,436434,427168,good,6,Male,own,754,0
55,525503,548234,poor,5,Male,own,248,0
48,124554,853011,excellent,24,Female,own,582,0
57,309941,844346,excellent,11,Male,own,352,0
64,496712,862808,fair,13,Male,own,306,0
64,192259,760206,good,19,Male,own,590,0
36,380550,111196,good,8,Male,own,268,0
49,103404,430701,poor,16,Female,rent,331,0
68,323174,635087,good,5,Male,own,323,0
24,485042,757742,good,1,Female,own,22,0
39,113956,573073,poor,10,Female,own,701,1
52,378404,993138,excellent,4,Female,rent,881,0
27,261098,874770,good,9,Female,own,974,1
59,344885,523624,poor,21,Male,own,81,0
34,245699,247990,good,2,Male,own,23,0
33,233567,170576,excellent,18,Male,own,11,0
41,341264,656955,good,3,Female,mortgage,440,0
63,517634,737986,good,11,Male,rent,560,0
38,504477,885963,good,22,Male,own,196,0
50,209850,225433,good,24,Male,own,839,0
23,191810,399456,good,14,Female,own,625,0
47,469720,935363,fair,8,Male,mortgage,126,1
67,203532,280366,excellent,21,Female,own,746,0
47,197066,788577,excellent,15,Male,own,257,1
43,388618,581514,good,5,Female,mortgage,600,0
23,288246,169103,good,21,Female,rent,643,0
41,511014,160422,good,3,Female,own,863,0
26,127328,844380,poor,16,Female,mortgage,760,0
46,67884,88628,fair,5,Female,own,947,1
58,329202,963843,good,18,Female,own,905,0
35,490117,791331,fair,8,Male,rent,637,1
40,367615,20800,excellent,21,Female,mortgage,598,0
68,399042,982410,fair,2,Female,own,399,1
60,341023,163956,fair,1,Female,mortgage,649,1
22,135678,728435,poor,0,Female,own,687,0
39,109779,139941,good,17,Male,mortgage,954,0
59,342543,579670,good,14,Male,rent,798,0
54,276918,111769,poor,0,Male,own,234,0
30,191851,78746,good,21,Male,own,589,0
35,509662,574183,good,5,Female,mortgage,380,0
47,267447,883395,good,14,Male,mortgage,216,0
34,48806,996299,good,20,Male,mortgage,577,0
64,377516,265585,good,8,Male,own,754,0
59,308513,864574,good,1,Female,mortgage,600,0
47,383164,555139,poor,24,Male,mortgage,396,0
49,168259,700823,fair,7,Male,own,414,1
33,88607,113850,good,22,Female,own,677,0
41,432318,808900,fair,8,Male,mortgage,931,0
38,197866,691150,fair,21,Female,rent,984,0
37,379661,196048,excellent,23,Female,own,272,0
33,487124,899515,good,15,Female,own,271,0
24,427529,83747,excellent,4,Female,own,221,1
34,139068,793987,fair,14,Female,own,789,0
33,250284,222177,poor,21,Male,own,409,0
25,482453,928423,good,24,Female,own,732,0
32,106957,749832,fair,12,Male,mortgage,354,0
35,375870,63000,good,0,Female,rent,828,0
67,524486,35240,good,6,Female,own,522,0
68,130874,100877,good,23,Female,mortgage,180,1
20,181449,498473,good,12,Female,own,926,0
56,507575,465373,good,1,Male,rent,970,0
62,430446,755741,fair,16,Female,mortgage,225,0
38,274645,568601,good,2,Female,rent,921,0
22,384460,882537,good,1,Male,own,189,0
28,417139,19677,good,15,Female,own,640,0
41,176382,623071,fair,7,Female,mortgage,659,0
28,369596,706620,poor,18,Female,mortgage,916,0
48,310915,672973,poor,23,Male,own,87,0
51,84199,639156,good,5,Male,own,813,0
57,250304,651967,poor,10,Female,own,557,1
39,496093,870483,poor,6,Male,mortgage,857,0
44,152597,610793,fair,19,Female,own,780,1
69,74204,116524,excellent,6,Male,mortgage,295,0
20,501509,707263,good,14,Female,own,566,0
43,292517,428414,fair,3,Female,own,698,0
29,387870,762387,poor,14,Male,own,401,0
61,82639,982106,good,15,Male,own,201,0
55,462920,968354,excellent,10,Male,rent,960,0
46,272902,234831,good,13,Female,own,782,0
32,37805,784423,good,3,Female,own,660,0
21,437450,70048,poor,4,Female,mortgage,351,0
55,394771,57011,good,6,Female,own,502,0
21,500555,695036,excellent,7,Female,rent,591,0
29,237018,986043,fair,6,Male,mortgage,456,0
63,415025,821153,good,2,Male,own,594,1
47,498194,577250,good,8,Male,own,111,0
23,222452,457868,good,3,Male,own,354,1
23,351158,767109,good,7,Male,own,603,0
25,374728,230792,good,8,Female,rent,277,0
48,283876,131055,fair,16,Female,rent,219,1
50,290005,788665,excellent,7,Male,own,125,0
39,261462,232999,poor,7,Male,own,749,0
47,373900,881211,fair,14,Female,own,702,0
23,152498,421196,poor,21,Female,mortgage,854,0
61,432454,191303,excellent,24,Female,rent,932,0
65,340543,692631,good,8,Male,mortgage,679,1
63,249547,855843,excellent,10,Male,mortgage,8,0
30,58073,599058,fair,6,Female,mortgage,618,0
40,151901,261172,poor,22,Female,own,909,0
38,504364,738665,good,22,Female,own,282,0
27,412339,680138,good,22,Female,mortgage,96,0
67,440735,918843,good,10,Female,mortgage,738,1
44,327958,248774,excellent,12,Male,own,57,0
44,151429,10640,good,9,Male,own,610,0
21,130696,41516,poor,11,Female,own,215,1
39,245582,940044,good,13,Male,rent,363,0
31,247411,699955,good,20,Female,own,613,0
58,401069,890335,fair,23,Male,own,193,0
32,505744,1003087,poor,12,Female,own,911,0
66,73238,242891,poor,4,Male,own,255,0
52,496360,615644,poor,0,Male,rent,350,1
63,113679,342381,good,20,Female,own,747,0
30,510598,471156,excellent,2,Female,mortgage,726,0
64,233406,16603,good,11,Male,mortgage,550,0
30,229459,516856,excellent,17,Female,own,316,0
37,326195,794574,excellent,11,Male,mortgage,266,0
27,519329,360759,good,24,Male,own,948,0
57,36717,901782,good,8,Female,own,391,0
57,48055,108300,excellent,15,Male,rent,316,1
49,90154,786578,good,20,Female,own,730,1
27,233469,798314,good,23,Male,own,885,0
38,321452,518088,good,10,Female,own,921,0
57,432770,601978,good,24,Female,rent,669,0
36,417961,820288,fair,22,Female,rent,647,0
47,348223,791021,good,10,Male,mortgage,565,0
48,241832,76660,good,15,Male,own,681,0
69,87042,320023,good,16,Male,own,766,0
59,525191,412131,fair,8,Male,own,988,0
64,154089,423327,poor,8,Male,own,802,0
50,511139,418294,good,2,Male,rent,596,0
52,177849,483824,good,22,Female,own,125,1
23,444021,341409,fair,1,Male,own,869,0
50,493824,105319,poor,1,Female,own,491,0
56,462356,804336,fair,21,Male,own,500,0
65,87918,117481,poor,12,Female,mortgage,452,0
22,274691,890139,good,7,Female,own,542,1
54,39240,530627,fair,2,Male,mortgage,179,0
67,484614,885781,excellent,8,Male,rent,192,0
29,288823,647940,poor,19,Female,mortgage,307,0
54,445412,135039,poor,24,Female,rent,315,1
60,233430,678546,poor,19,Female,own,859,1
20,334756,20984,good,5,Male,own,637,0
48,482525,280832,good,19,Female,mortgage,975,1
58,366917,869769,fair,1,Female,own,840,1
56,447622,395940,good,0,Male,rent,204,0
67,359486,1009778,good,0,Female,mortgage,585,0
42,415104,47240,good,13,Female,rent,215,0
66,441780,641330,poor,23,Female,own,217,0
67,384819,516221,fair,6,Male,mortgage,398,1
45,210162,510371,poor,3,Male,own,957,1
59,452242,916297,fair,7,Female,own,201,1
36,92017,604716,good,24,Female,own,158,0
34,264058,867145,poor,12,Male,own,664,0
43,393003,268641,good,13,Male,own,108,0
41,150928,135261,fair,22,Male,mortgage,159,0
28,479866,329266,good,18,Female,rent,704,1
34,518427,603077,excellent,7,Male,rent,722,0
63,72151,452990,excellent,10,Male,own,184,0
48,209482,645273,good,4,Male,own,510,0
46,344191,287039,poor,9,Male,mortgage,703,0
41,476313,546638,good,6,Female,own,280,0
29,182271,284541,poor,3,Male,own,363,1
55,272767,347483,poor,23,Female,own,60,1
37,509059,569061,excellent,16,Male,own,7,0
23,211865,620946,poor,4,Male,own,484,0
34,449107,144833,poor,6,Female,own,284,1
50,452184,774443,good,0,Female,rent,58,0
49,141210,216273,poor,10,Male,own,134,1
41,192147,839575,fair,22,Female,rent,217,0
31,402061,892096,excellent,3,Female,rent,732,0
39,285068,305871,poor,20,Female,own,501,0
32,281621,525738,excellent,0,Male,rent,734,1
58,402648,22874,fair,17,Male,rent,154,0
27,405718,373314,poor,8,Female,own,330,1
60,298802,896156,excellent,11,Male,own,999,0
69,46608,960815,excellent,19,Male,rent,678,0
30,394412,159985,good,3,Male,rent,580,0
66,528248,74264,good,6,Male,rent,542,0
39,321745,634432,good,20,Female,own,812,0
32,413034,399177,poor,17,Female,mortgage,438,0
28,334998,702743,excellent,2,Female,own,586,0
68,72585,546006,excellent,11,Female,mortgage,904,0
26,234380,342212,good,7,Female,own,90,1
37,370710,269090,poor,17,Male,own,593,0
21,90836,452748,good,7,Female,own,235,0
62,409511,40718,excellent,7,Female,own,101,0
45,529719,39813,poor,16,Female,own,933,0
48,33651,811222,good,12,Female,mortgage,991,0
53,82128,948845,good,13,Male,own,717,0
23,363957,343400,fair,19,Male,own,763,0
55,80630,850589,excellent,6,Male,own,141,0
55,242164,84031,excellent,19,Male,mortgage,350,0
26,215712,675591,fair,5,Female,own,737,0
57,160973,11060,fair,8,Female,own,725,0
42,122464,706463,fair,24,Male,mortgage,27,0
23,398131,317423,poor,17,Male,own,645,0
56,279150,100459,excellent,5,Male,mortgage,676,1
49,67362,298381,good,8,Male,own,481,0
23,492493,729384,good,0,Female,own,962,1
33,284404,824290,good,17,Female,own,106,0
67,444085,444246,good,6,Male,own,759,1
59,272435,608080,excellent,13,Male,rent,575,0
35,153368,647898,good,4,Female,mortgage,626,0
68,145139,510732,good,7,Female,mortgage,980,1
22,129186,107448,fair,6,Male,rent,36,0
67,122956,754029,good,15,Male,own,262,0
45,231742,220955,fair,13,Female,rent,48,0
62,324130,859212,excellent,11,Female,own,821,1
21,277837,725107,poor,1,Female,own,117,0
45,251650,615510,fair,1,Male,rent,245,0
36,513051,719044,excellent,18,Male,own,908,1
44,34140,122566,fair,14,Female,own,678,0
67,244960,701521,excellent,22,Male,mortgage,885,0
38,475783,69559,poor,7,Female,own,411,0
29,422474,87119,poor,11,Female,mortgage,899,0
47,480540,442948,good,17,Female,mortgage,580,1
51,115925,224938,excellent,17,Male,own,765,0
64,172634,936700,excellent,0,Male,own,272,0
45,514599,897677,good,10,Male,own,446,0
37,216055,693936,good,24,Male,own,908,0
24,350853,406471,good,4,Female,mortgage,728,1
32,269744,217185,good,10,Female,mortgage,138,0
40,485229,461138,good,18,Female,rent,647,0
48,289781,143331,good,3,Male,mortgage,610,0
63,61582,215974,good,6,Male,mortgage,627,0
55,238262,385952,fair,0,Female,own,125,0
63,296189,656548,fair,23,Male,mortgage,58,1
26,68242,592629,poor,10,Female,rent,0,0
26,103387,436511,good,17,Female,own,546,0
37,39849,833622,good,7,Female,own,728,1
20,283988,824999,poor,16,Female,own,768,0
54,468354,122671,poor,18,Female,own,804,0
38,435493,367055,good,11,Female,rent,72,0
60,241042,441778,fair,16,Female,own,184,0
43,333880,772558,good,21,Male,mortgage,999,0
50,450256,751665,good,10,Female,rent,952,0
26,494085,718250,good,19,Female,own,11,0
44,65322,888509,poor,1,Male,own,997,0
25,128370,797823,good,10,Female,mortgage,859,0
67,450638,143143,poor,24,Male,own,243,0
57,352164,171734,good,2,Male,mortgage,650,0
63,318860,213373,poor,5,Male,own,863,0
41,256643,434778,good,19,Male,own,679,0
57,500593,335640,excellent,13,Male,own,742,0
64,257811,532706,poor,10,Male,rent,466,0
49,223724,471947,good,22,Male,own,824,0
35,153737,953087,poor,3,Female,own,378,0
48,264125,270923,good,4,Female,own,493,0
60,261153,341207,poor,18,Male,rent,164,0
62,151354,388858,good,10,Female,own,407,0
48,472774,118234,good,22,Female,rent,411,0
36,431963,731554,good,16,Male,mortgage,60,0
58,507557,763506,excellent,11,Male,rent,490,0
29,382113,247581,good,22,Male,own,930,0
28,292053,718075,good,6,Male,mortgage,63,0
52,130213,197100,good,18,Female,mortgage,750,1
33,227446,545413,good,20,Female,rent,891,0
39,495311,963217,excellent,2,Female,own,655,0
30,277172,233609,fair,6,Female,own,102,0
59,142593,199562,poor,19,Female,own,510,1
39,508032,176748,fair,12,Male,own,277,0
69,212571,374604,good,3,Female,own,345,0
65,396531,966661,excellent,22,Male,rent,385,0
69,372016,936572,poor,14,Male,mortgage,192,0
38,134273,619764,good,10,Male,rent,951,0
52,440434,922312,poor,14,Male,own,695,0
36,376325,432929,fair,15,Male,mortgage,921,0
38,332124,72908,good,6,Female,mortgage,570,0
22,145772,30442,excellent,21,Female,rent,64,0
31,149009,42442,excellent,10,Female,mortgage,194,0
32,384767,225368,poor,5,Female,own,821,1
47,342156,818356,good,4,Female,own,874,0
30,244790,38153,good,19,Female,own,346,0
44,47415,744290,fair,12,Male,own,399,0
44,504695,276615,poor,6,Male,mortgage,169,0
36,202633,698434,good,24,Male,rent,964,0
69,353911,1004072,excellent,20,Male,own,730,1
46,200008,48861,good,20,Female,own,462,0
41,111370,233075,fair,9,Male,own,226,0
59,386891,760915,excellent,16,Male,own,736,1
22,474941,644182,excellent,1,Female,rent,882,0
65,314866,176399,excellent,6,Male,mortgage,276,0
65,414030,136163,good,0,Female,own,290,0
67,323462,476456,excellent,13,Female,own,105,0
67,512641,994270,excellent,6,Female,own,191,0
53,326297,473206,poor,21,Female,own,553,0
41,190523,270840,excellent,11,Female,mortgage,808,0
34,379684,474608,fair,14,Male,own,981,0
45,97983,168667,excellent,5,Male,mortgage,420,0
30,422984,10109,good,20,Male,own,965,0
51,356104,95008,good,23,Female,own,686,0
36,497173,69059,excellent,13,Male,own,968,1
37,447195,752911,poor,13,Female,own,408,0
60,529891,664972,good,18,Female,rent,293,0
49,405214,468898,good,19,Male,mortgage,258,0
41,269404,355061,good,24,Male,own,889,0
28,418958,21711,poor,4,Male,own,964,0
52,254451,316351,poor,21,Male,own,58,0
31,228316,759196,poor,4,Male,rent,135,0
25,401105,445501,good,22,Male,mortgage,254,0
59,349009,332308,good,18,Male,rent,200,0
33,124585,840992,good,24,Male,mortgage,396,0
27,319339,965977,poor,1,Male,own,248,0
58,33994,718456,poor,17,Female,own,372,0
20,514532,814512,good,11,Male,own,677,0
37,321426,662960,good,13,Male,own,163,0
42,79505,539666,excellent,5,Female,mortgage,486,1
62,172282,458079,good,24,Female,own,897,0
59,135383,993856,good,16,Male,mortgage,917,0
22,234875,221933,fair,20,Male,mortgage,862,0
49,57267,912911,poor,13,Male,rent,870,0
24,268803,106304,fair,19,Male,rent,313,1
42,113904,219787,good,4,Male,mortgage,788,0
69,469989,498204,good,16,Female,mortgage,566,0
30,85269,657317,poor,23,Female,own,324,0
48,328529,153736,good,19,Male,own,783,0
53,162935,398985,fair,24,Female,rent,786,0
26,449635,950893,good,17,Male,mortgage,83,1
38,59799,815273,fair,14,Male,own,395,0
34,505993,237440,excellent,12,Male,mortgage,936,0
21,277151,250322,good,18,Male,rent,832,1
60,162805,95630,poor,2,Male,own,270,0
21,288284,515513,poor,7,Male,own,773,0
41,316087,489387,fair,13,Male,rent,967,0
29,250175,950929,excellent,19,Male,own,40,0
38,77243,482874,good,20,Female,own,495,1
23,55480,364783,good,6,Female,own,71,0
46,340604,891950,excellent,13,Male,mortgage,817,0
65,132793,60115,good,11,Male,rent,38,0
29,347674,668500,excellent,13,Male,own,377,0
68,512016,349479,fair,11,Female,own,354,0
62,54525,445576,good,12,Male,mortgage,947,0
36,393646,263593,excellent,12,Male,rent,457,0
51,396743,714330,excellent,9,Female,own,474,0
21,331245,789000,good,13,Female,rent,48,0
24,347869,872414,poor,7,Female,own,238,1
37,379468,85509,good,0,Male,own,324,0
51,282287,118161,excellent,12,Female,rent,821,0
59,328428,364101,fair,19,Male,own,40,0
34,459265,707624,fair,16,Male,own,726,0
56,164968,592960,good,24,Female,rent,637,0
58,393547,470631,good,17,Female,mortgage,998,1
52,519796,982851,excellent,7,Male,rent,997,1
68,419391,829854,fair,14,Male,own,595,0
24,418835,356608,good,1,Female,own,948,0
47,433448,510830,excellent,17,Male,mortgage,559,0
40,456713,761685,fair,3,Female,mortgage,855,0
64,347171,344194,fair,11,Female,rent,110,1
44,76772,712148,fair,13,Female,own,559,1
68,74233,955876,fair,13,Female,own,811,0
25,219307,870391,good,8,Male,own,763,0
49,465036,108717,fair,3,Female,own,364,0
25,307628,367747,good,17,Female,own,161,0
38,203018,211581,good,16,Male,own,429,0
40,31026,757337,excellent,21,Male,mortgage,460,0
69,417473,181327,poor,0,Female,mortgage,415,0
55,434506,731923,good,0,Female,own,459,1
55,489563,788408,good,5,Male,own,187,0
42,372469,229859,excellent,10,Male,own,587,1
69,379829,441823,poor,7,Male,mortgage,72,0
46,529484,233862,poor,2,Male,rent,480,0
40,425722,599323,fair,14,Female,own,772,1
31,342601,19780,fair,15,Female,own,737,0
24,160599,476249,good,23,Male,mortgage,514,0
62,197874,631218,fair,12,Female,own,528,0
56,40626,526570,excellent,16,Female,own,751,1
36,205580,253237,excellent,3,Female,own,214,0
20,303783,560785,poor,10,Female,rent,514,0
66,334268,731708,good,20,Male,own,532,0
42,326284,473337,good,24,Female,own,552,0
61,376791,118041,good,13,Female,own,46,0
40,50050,715616,fair,20,Female,mortgage,889,0
38,371947,900451,fair,24,Female,own,687,0
41,241358,942238,good,21,Male,rent,987,0
53,262837,630311,good,23,Male,mortgage,692,0
44,221562,541836,excellent,12,Male,own,199,1
30,270210,234218,fair,17,Female,own,24,0
53,197898,870211,good,15,Female,own,518,0
21,333023,80164,good,16,Male,mortgage,848,0
45,55870,17178,excellent,13,Female,own,547,0
39,140295,309653,good,23,Female,own,239,0
28,454346,166091,fair,19,Female,own,437,0
33,73374,474977,excellent,12,Female,own,780,0
23,519520,540072,poor,1,Male,mortgage,160,0
21,436621,425476,excellent,12,Female,rent,363,0
43,422660,85896,poor,21,Male,rent,425,1
57,190950,317446,good,21,Male,own,698,0
31,407471,272863,good,14,Female,rent,438,0
44,66629,438866,excellent,9,Female,mortgage,587,0
50,36578,529313,excellent,18,Female,rent,766,0
59,181407,501533,good,11,Male,own,695,0
63,283827,918187,fair,22,Male,mortgage,721,0
44,236140,931168,poor,6,Male,own,261,1
36,408218,392035,good,10,Male,mortgage,998,1
49,87529,255865,poor,14,Male,rent,86,0
27,83512,268297,good,9,Female,own,43,0
64,31417,497091,good,23,Female,rent,544,0
40,184325,356540,poor,15,Male,rent,345,0
53,41822,932880,good,1,Female,own,316,0
56,427584,347793,poor,8,Male,mortgage,634,1
28,239606,63953,poor,15,Female,mortgage,58,0
48,250348,148502,fair,3,Male,own,268,0
37,111131,349136,good,2,Male,mortgage,117,0
61,512579,750650,good,20,Female,own,540,0
60,197987,286195,excellent,20,Male,own,876,0
35,365244,197508,good,16,Female,own,408,0
49,451150,420490,excellent,1,Male,own,884,0
20,316029,295761,poor,2,Female,mortgage,184,0
49,443886,449703,excellent,14,Female,mortgage,144,0
49,409778,213828,fair,2,Female,rent,379,0
43,492478,524531,good,11,Female,own,893,0
38,204932,315600,fair,14,Male,rent,25,0
55,259796,283819,excellent,2,Female,own,980,0
32,458823,627420,excellent,19,Male,own,947,0
34,393700,422756,poor,19,Male,mortgage,82,0
48,225460,76985,poor,7,Male,own,4,0
55,221659,413333,good,20,Female,own,732,0
51,258498,129214,poor,19,Male,rent,999,0
53,292841,362704,excellent,11,Female,own,382,1
30,430670,520447,poor,8,Male,rent,978,0
25,356682,403596,excellent,2,Female,own,357,0
69,391162,501823,excellent,20,Female,own,175,0
21,522971,502481,poor,13,Female,mortgage,755,0
50,349149,25898,fair,19,Male,own,570,1
67,500406,692633,poor,19,Female,rent,390,0
37,372716,760919,excellent,12,Male,own,895,0
33,219538,790803,good,20,Male,rent,137,0
50,42809,868379,good,5,Male,mortgage,767,0
55,31167,944487,good,9,Female,own,720,1
53,74720,30721,good,15,Male,rent,538,0
23,302257,83973,fair,23,Female,mortgage,572,1
42,57109,969976,good,18,Female,own,17,0
43,440212,330758,good,24,Female,own,804,0
42,171659,60257,excellent,0,Female,own,794,0
55,62022,142343,good,0,Female,own,270,0
57,89081,478259,good,14,Female,mortgage,792,1
33,314870,360777,good,3,Male,mortgage,169,1
49,186762,674970,excellent,23,Female,own,903,1
29,163053,842901,poor,15,Male,rent,150,0
22,124531,723889,fair,5,Male,rent,760,0
54,180074,1006594,poor,7,Male,own,19,0
44,504390,957984,good,9,Male,own,866,0
20,97864,267388,fair,5,Female,rent,203,0
51,428486,477841,good,21,Male,mortgage,891,0
23,303068,879331,fair,23,Male,rent,981,0
34,436199,821552,fair,12,Female,own,498,0
69,198367,591314,poor,17,Female,rent,158,1
48,312737,285414,good,18,Female,rent,168,1
48,251994,473166,poor,10,Female,own,201,0
69,443018,87523,good,19,Male,own,408,0
60,116376,233266,excellent,8,Female,own,902,0
29,395744,321550,good,24,Male,own,359,0
22,39283,689391,good,18,Female,own,838,1
50,68373,88710,good,8,Male,rent,484,0
63,65739,287842,good,24,Male,mortgage,362,0
30,299078,908832,poor,24,Female,mortgage,445,0
24,140825,207270,good,11,Female,mortgage,121,0
27,365878,573323,good,12,Female,own,31,1
50,218103,820787,good,18,Male,rent,27,0
65,169536,895211,poor,19,Male,own,189,0
51,436681,519955,poor,23,Female,own,25,0
39,375136,71836,good,24,Female,own,146,0
63,51184,412706,good,24,Female,own,3,0
20,228994,516050,good,3,Male,own,263,0
27,382322,789066,good,21,Female,mortgage,12,0
36,140134,909742,good,20,Male,rent,706,1
31,528168,486417,good,13,Male,rent,30,0
41,502880,561251,excellent,11,Female,rent,854,0
45,259110,322309,excellent,3,Male,mortgage,230,0
55,344601,209114,fair,12,Female,mortgage,113,0
50,311967,49530,good,16,Female,own,567,0
46,115706,991305,good,24,Female,mortgage,410,0
26,184459,984951,fair,12,Female,mortgage,194,0
21,153172,307699,good,11,Female,rent,377,1
24,386686,247838,good,16,Male,own,144,0
52,427090,494141,excellent,4,Female,rent,46,0
68,349291,615544,poor,5,Female,own,945,0
60,445624,626769,poor,8,Male,rent,23,1
20,369019,313395,excellent,2,Female,own,888,0
26,204586,268977,good,17,Female,rent,738,0
31,231605,618123,fair,11,Male,mortgage,31,0
21,478255,537776,fair,24,Female,mortgage,817,0
57,349269,597101,fair,2,Male,rent,381,1
58,186961,539155,fair,4,Female,own,412,1
23,79994,26739,excellent,8,Female,mortgage,12,0
50,124258,670020,fair,19,Female,rent,668,0
57,297780,646853,fair,12,Female,rent,780,0
51,143541,153691,fair,20,Female,rent,315,0
39,507886,53786,good,18,Female,rent,867,0
25,506667,663517,poor,24,Male,rent,472,1
28,500868,327750,fair,2,Female,own,390,0
27,227873,726301,good,23,Male,mortgage,637,0
33,453106,280568,fair,1,Female,mortgage,827,0
69,391312,748655,good,20,Female,rent,792,0
46,253479,730774,good,20,Female,own,488,0
67,168106,295186,good,16,Male,own,855,0
61,427082,230073,poor,24,Male,mortgage,620,0
20,275454,480218,excellent,10,Female,rent,1,0
43,157808,187356,excellent,2,Female,rent,980,0
40,88807,174104,good,7,Male,rent,34,0
61,280351,579727,good,6,Male,own,135,0
50,112330,152722,poor,2,Female,rent,248,1
66,173450,728677,poor,24,Male,rent,251,0
22,318509,660996,excellent,0,Female,rent,44,0
57,171677,230379,good,0,Female,mortgage,832,1
69,513016,419513,good,3,Male,own,335,0
21,135312,183377,good,5,Male,rent,850,0
38,229164,974366,good,9,Female,own,240,0
43,422632,181895,excellent,13,Female,own,714,1
34,450309,583926,poor,5,Male,own,784,0
45,263170,656832,good,2,Male,own,785,0
21,475146,833254,good,24,Male,own,374,0
56,171631,439679,good,21,Male,own,977,0
54,192714,760378,good,4,Female,own,570,0
34,508363,1006277,poor,21,Male,mortgage,750,1
22,307706,776046,fair,1,Female,own,967,0
30,305076,390227,good,21,Female,mortgage,420,0
53,317850,34863,fair,5,Male,mortgage,256,0
69,428404,24992,fair,1,Female,own,768,0
50,350539,811627,good,13,Female,rent,459,0
40,172199,145131,good,12,Female,own,378,0
36,46902,610520,good,8,Female,rent,59,0
65,313567,460560,excellent,16,Female,own,637,0
23,254856,347242,good,3,Male,own,900,0
61,160571,69053,good,16,Male,mortgage,813,0
68,357362,631134,good,12,Female,rent,996,0
47,445511,139557,excellent,5,Female,own,939,1
56,317375,133711,fair,4,Male,own,701,0
46,151419,837521,good,19,Male,rent,232,0
53,111317,557031,poor,13,Male,rent,144,0
23,64857,126073,good,7,Male,rent,993,0
34,217601,571341,poor,16,Female,mortgage,961,1
52,262279,826858,fair,2,Female,rent,502,1
57,137442,777599,excellent,1,Male,own,0,0
64,348636,992012,excellent,14,Male,rent,548,0
50,53015,223624,good,5,Female,own,975,0
28,192332,324655,good,23,Male,rent,523,0
27,260008,821056,excellent,22,Male,mortgage,12,1
59,33926,481467,excellent,5,Female,own,702,1
21,338679,56331,good,17,Female,mortgage,626,1
28,114398,49846,excellent,19,Male,own,233,0
66,107146,188311,excellent,21,Female,own,678,0
61,377014,1002613,fair,2,Female,own,927,0
60,111406,968252,good,6,Male,own,737,0
44,528192,978715,good,15,Male,own,320,0
31,443328,703981,poor,6,Male,mortgage,400,0
24,212896,168191,fair,21,Male,own,231,0
64,481004,170967,poor,5,Male,mortgage,39,1
59,285578,930044,good,21,Female,rent,756,0
52,527859,92843,good,15,Male,own,76,1
44,104049,113425,fair,8,Male,mortgage,693,0
59,251059,536387,excellent,23,Male,own,432,0
32,397893,752497,excellent,19,Male,rent,569,0
29,236457,776178,excellent,9,Female,rent,553,0
28,291440,257565,good,22,Male,mortgage,841,0
57,177895,537017,fair,0,Male,own,448,0
24,520286,335999,poor,20,Male,own,930,1
52,392502,20431,good,14,Male,own,263,0
37,332741,396138,good,3,Female,mortgage,983,0
47,407598,676966,good,11,Female,own,320,0
55,335611,514859,excellent,0,Male,own,905,0
41,384347,224847,good,23,Male,rent,316,0
55,68223,317476,excellent,13,Female,mortgage,513,0
28,362839,561090,poor,9,Female,mortgage,589,0
36,259310,434877,fair,3,Male,own,596,0
23,177372,697287,poor,19,Male,own,800,1
60,314109,747880,good,14,Female,rent,71,0
34,340801,677576,fair,2,Female,mortgage,607,0
57,69976,624661,excellent,7,Male,own,911,0
53,115652,481307,good,6,Male,own,111,0
33,418405,598429,good,18,Female,own,558,1
57,74522,812415,fair,2,Male,mortgage,410,0
24,283843,611540,good,7,Male,rent,978,0
28,66136,581521,excellent,18,Female,own,979,0
31,341956,349528,excellent,20,Male,rent,208,0
45,270361,80799,good,5,Male,rent,709,0
48,447175,879551,good,9,Male,mortgage,165,0
33,436501,98750,good,3,Female,rent,481,0
62,519277,182887,good,9,Female,own,232,0
29,44008,50216,poor,12,Male,own,209,0
69,385534,783851,good,9,Male,rent,956,0
21,357992,686408,good,13,Female,mortgage,948,0
45,210966,631735,poor,8,Female,mortgage,902,0
60,192227,809092,good,18,Male,mortgage,108,0
58,304638,547401,excellent,19,Female,own,136,0
48,95316,725281,good,2,Female,rent,185,0
68,124412,20519,excellent,24,Female,own,305,0
25,451776,655892,good,13,Male,mortgage,735,0
65,425478,38807,fair,21,Female,own,510,1
68,74856,250072,poor,17,Female,rent,242,0
24,184182,469674,excellent,4,Male,mortgage,437,0
69,94544,117980,poor,4,Male,rent,492,0
36,193679,180681,excellent,16,Male,own,984,0
66,406565,374215,excellent,2,Female,rent,647,0
64,146151,320739,good,12,Female,own,592,0
41,410387,571386,excellent,23,Female,own,241,0
46,179069,329854,excellent,3,Female,own,822,0
45,83527,482561,poor,5,Male,own,588,0
43,170720,101456,poor,15,Male,rent,912,1
62,447377,664286,good,8,Male,own,314,0
55,139732,402137,excellent,24,Female,own,415,0
33,421533,656606,fair,13,Female,mortgage,342,1
49,393183,885561,excellent,7,Male,mortgage,767,0
24,389824,340307,good,24,Male,own,767,0
64,115703,647371,good,23,Male,own,751,1
66,411207,291268,excellent,1,Female,rent,995,0
56,146544,693530,fair,17,Female,own,42,0
62,359294,14552,fair,17,Female,own,581,1
21,341882,421232,good,1,Female,own,466,0
60,263743,525687,fair,10,Male,mortgage,654,1
54,420604,639514,good,11,Male,own,449,0
48,165768,17545,good,7,Female,own,419,1
20,72129,398101,fair,7,Female,own,198,1
39,57732,25781,good,23,Male,rent,736,0
24,386295,463071,poor,16,Female,mortgage,306,1
39,173997,150024,good,22,Female,rent,174,0
68,254438,166288,good,21,Male,rent,214,0
25,430517,557355,excellent,13,Female,own,901,0
26,123885,215651,good,14,Female,rent,296,0
69,298105,779233,excellent,13,Male,own,959,1
53,412854,560736,poor,12,Male,rent,602,0
69,66462,697067,good,5,Male,rent,859,0
36,490618,932425,fair,18,Female,own,105,1
62,179401,351314,excellent,17,Male,mortgage,231,0
23,377242,267070,good,19,Male,mortgage,401,0
32,224470,198114,excellent,6,Female,own,674,0
41,446380,706960,excellent,11,Female,own,203,0
62,83465,93458,fair,3,Male,mortgage,998,0
24,355548,87679,excellent,7,Female,rent,887,0
40,115291,559566,fair,19,Female,own,669,0
39,399002,566270,good,17,Male,mortgage,912,1
57,415835,758421,poor,10,Male,rent,273,1
32,486606,856617,good,8,Female,own,821,0
58,44115,970783,excellent,1,Male,mortgage,305,0
45,50736,905431,poor,3,Male,own,248,0
47,456001,941898,good,1,Male,own,134,0
39,196455,233027,fair,23,Female,mortgage,701,0
68,306223,686036,fair,21,Female,own,593,0
31,480528,51173,good,2,Female,rent,51,0
28,488668,952769,good,10,Male,own,149,0
24,416511,224318,poor,5,Female,mortgage,33,0
57,521041,693660,fair,2,Male,mortgage,32,0
40,442077,62113,fair,24,Male,own,305,1
64,239292,951278,poor,9,Male,own,417,1
21,314268,885179,fair,4,Female,own,185,1
42,437488,131712,good,6,Male,rent,214,0
30,419858,1004963,poor,21,Female,own,642,0
48,176312,230641,excellent,11,Female,mortgage,423,1
30,187282,818260,excellent,18,Male,rent,304,0
23,333567,273042,fair,1,Male,own,571,0
64,316146,279987,fair,16,Female,own,231,0
36,282013,534289,good,11,Male,own,201,0
65,191545,151131,good,8,Male,rent,695,0
29,74381,965717,good,23,Female,own,88,0
61,488107,292025,good,20,Male,mortgage,916,0
39,334391,242202,fair,5,Female,own,173,1
21,261076,282843,fair,15,Female,mortgage,478,0
21,196577,685809,good,1,Male,own,794,0
38,378012,271098,poor,23,Female,own,946,0
46,71791,137945,good,11,Male,own,573,0
57,443075,314987,fair,22,Male,rent,97,0
50,89610,73340,good,17,Male,own,862,0
34,68907,580325,poor,14,Female,own,524,0
66,113113,145039,poor,17,Male,rent,656,0
53,405624,745353,fair,22,Male,own,765,0
49,106937,437933,excellent,2,Female,own,211,0
46,124844,783421,excellent,24,Male,rent,630,0
67,277819,582656,good,19,Male,mortgage,703,0
40,339270,184649,excellent,23,Female,own,118,0
23,244325,325721,fair,19,Female,mortgage,228,1
28,47498,658122,excellent,12,Male,mortgage,657,0
57,42318,839863,good,17,Male,rent,595,0
21,437622,254154,poor,19,Male,mortgage,376,0
43,474077,525864,good,11,Female,own,179,0
46,434435,417201,fair,16,Female,mortgage,789,0
57,348834,218113,poor,21,Male,own,293,0
61,207286,210935,excellent,11,Male,own,824,0
43,448523,366841,poor,19,Male,rent,147,0
30,236592,889030,good,6,Male,rent,185,0
56,419911,865329,excellent,11,Male,mortgage,864,0
29,46950,73723,poor,10,Female,own,240,0
27,517409,575113,good,2,Female,own,826,0
46,437100,55897,poor,14,Female,rent,495,0
40,319663,336581,fair,18,Female,mortgage,255,0
56,198158,531805,good,19,Male,rent,206,0
31,527205,1008474,good,0,Female,own,736,1
27,502733,842178,excellent,2,Male,own,467,0
31,515279,623165,fair,23,Female,mortgage,579,0
28,246428,559676,fair,13,Male,own,365,0
54,255451,200103,fair,9,Female,mortgage,325,0
37,98483,813235,fair,8,Female,mortgage,67,0
56,36347,240608,fair,3,Female,own,490,0
37,309681,829031,good,7,Female,rent,527,0
25,53032,342571,poor,17,Female,own,910,1
26,69151,290538,fair,6,Female,mortgage,811,0
57,483733,382343,good,11,Male,own,182,0
67,279758,191914,poor,1,Male,own,882,0
58,200858,92385,poor,17,Male,mortgage,322,0
57,475327,1006783,good,6,Male,own,143,0
29,475717,795109,good,1,Male,own,575,0
57,286904,533547,fair,7,Female,own,580,0
40,212685,463378,excellent,21,Male,mortgage,877,0
45,468722,392885,good,5,Female,own,35,1
59,370370,495067,poor,11,Female,own,713,1
46,361954,279889,excellent,0,Female,own,843,0
27,300987,919836,fair,6,Male,own,247,0
40,122259,670952,poor,16,Male,own,130,0
33,454825,61386,fair,11,Female,mortgage,837,0
31,239019,502297,excellent,3,Male,own,812,0
60,413631,638833,good,11,Female,rent,693,0
49,100253,362466,good,18,Female,rent,435,0
31,392702,547977,good,16,Male,mortgage,921,1
53,504988,733900,good,16,Male,rent,943,0
58,141393,146327,poor,21,Female,rent,735,0
63,484823,754159,good,12,Female,own,926,0
40,463215,251734,good,16,Female,own,158,0
66,161485,831558,good,21,Female,rent,692,0
21,176050,155365,good,0,Male,own,931,0
52,363201,844915,good,18,Female,rent,424,0
42,171488,691317,excellent,7,Male,rent,146,0
61,467599,111843,good,21,Male,own,160,0
20,157428,297959,good,5,Male,rent,668,0
64,174446,472093,poor,9,Female,mortgage,315,0
27,162615,771029,poor,16,Male,own,610,0
21,434803,108689,excellent,13,Male,mortgage,87,0
49,454993,82742,excellent,15,Male,mortgage,25,0
64,131345,17567,fair,6,Male,own,203,0
38,417521,242912,poor,15,Female,rent,194,0
68,513951,28844,good,1,Male,rent,776,0
69,383834,762023,good,23,Male,own,238,0
65,322498,722048,good,19,Male,rent,858,0
51,384105,455444,poor,16,Male,mortgage,446,0
40,519681,976355,poor,15,Male,mortgage,129,0
49,269932,844280,fair,18,Female,mortgage,345,0
34,214677,704542,poor,22,Female,own,489,0
29,383209,899192,fair,13,Male,mortgage,904,0
54,468536,79834,good,11,Female,mortgage,673,0
33,291706,230795,excellent,0,Male,own,966,0
56,253218,412805,good,13,Female,own,844,0
26,235630,850892,good,24,Female,mortgage,557,0
45,461244,497892,poor,18,Female,rent,589,0
26,143414,213994,fair,24,Male,rent,293,0
42,75294,56816,poor,12,Male,rent,388,0
31,522698,902220,good,14,Male,own,152,1
64,460627,205477,good,16,Male,rent,911,0
24,370225,519750,poor,19,Female,own,612,0
69,286975,144949,good,17,Female,own,500,0
26,407125,654081,good,15,Female,rent,307,0
66,475044,217040,excellent,2,Male,own,51,0
41,375353,350963,poor,8,Male,own,377,0
46,238223,639842,fair,20,Female,own,364,0
28,223115,491972,excellent,5,Male,own,488,0
59,98151,517437,poor,12,Female,own,176,0
69,87924,634252,good,20,Male,own,740,1
66,208742,883273,fair,24,Male,own,997,0
40,40503,221183,good,21,Male,own,420,0
30,429654,671224,poor,10,Male,rent,318,0
69,77512,174869,excellent,3,Female,own,334,1
60,529038,524089,poor,3,Male,own,535,0
21,395672,440854,poor,16,Female,rent,685,0
60,79478,342987,good,8,Male,own,236,0
68,420742,134216,fair,1,Female,mortgage,359,0
45,145983,109246,excellent,11,Male,own,138,0
30,255246,504861,excellent,23,Female,mortgage,378,0
36,249542,718950,poor,15,Male,rent,324,0
65,193080,827299,good,24,Male,own,497,0
51,53739,494422,excellent,13,Female,rent,763,0
68,315176,956261,excellent,9,Male,own,432,0
59,267567,504996,good,13,Female,own,23,0
28,499807,566038,good,15,Male,mortgage,302,1
23,73349,452209,good,5,Female,own,647,0
63,335823,12821,fair,7,Male,mortgage,45,1
52,167503,219993,good,14,Female,own,37,1
26,67044,692858,good,13,Male,own,468,0
59,313051,433535,poor,22,Female,own,870,0
31,98748,860135,excellent,3,Female,own,97,0
42,114614,298905,excellent,1,Female,rent,308,0
45,138310,798555,good,16,Male,rent,176,0
34,60212,883040,good,14,Female,own,80,0
65,119676,309996,good,17,Female,rent,74,0
45,397648,841169,good,3,Female,own,907,0
29,386281,848019,good,5,Female,own,849,1
42,391738,513475,good,2,Male,own,476,1
51,121371,999986,poor,18,Female,own,985,0
59,485015,909371,good,19,Male,own,673,1
62,485497,20688,good,4,Female,own,138,0
55,342093,795241,fair,17,Male,mortgage,989,0
41,408028,576456,excellent,5,Female,own,913,0
52,272878,69997,fair,13,Male,mortgage,841,0
20,429728,280263,good,10,Male,mortgage,304,0
58,490190,51148,good,7,Male,own,560,0
40,141199,676154,good,8,Female,own,18,0
33,410521,983663,good,9,Male,own,840,0
62,209342,821654,fair,2,Male,rent,922,0
24,477605,278772,good,6,Male,own,463,0
36,178206,357764,poor,11,Female,own,815,1
46,414613,212638,fair,6,Female,own,83,0
45,238934,983153,fair,5,Male,own,874,0
43,453416,560459,good,14,Male,own,281,0
58,353553,809750,good,6,Male,own,633,0
22,492798,847813,good,22,Female,rent,342,0
35,260977,737752,poor,22,Male,own,693,0
58,138118,434135,poor,0,Female,rent,637,0
46,448110,14360,good,11,Female,own,390,1
47,287803,404104,good,23,Male,rent,136,0
42,220824,565548,good,8,Male,own,238,0
59,80075,37864,good,12,Male,rent,715,0
21,231968,395251,excellent,7,Female,rent,58,0
25,405110,575979,good,13,Male,own,581,0
58,526866,522905,excellent,24,Male,own,296,1
53,88575,105600,excellent,18,Female,own,172,0
45,519547,516909,excellent,16,Male,own,556,0
24,241920,393888,good,20,Female,mortgage,45,0
52,288782,308810,good,13,Male,rent,674,0
26,399613,673239,poor,0,Male,mortgage,241,0
56,223289,100995,poor,4,Female,own,934,0
59,55621,177051,good,2,Female,mortgage,946,0
63,67016,738313,excellent,22,Male,mortgage,781,0
31,30015,889399,fair,11,Female,mortgage,697,0
62,448920,473082,fair,3,Male,own,475,0
33,516912,494814,excellent,5,Male,own,441,0
30,286652,222976,poor,22,Male,rent,871,0
56,121717,729986,good,22,Male,rent,817,1
26,334482,941564,excellent,22,Female,mortgage,881,0
30,505645,887705,good,20,Female,own,163,0
53,351966,886785,poor,8,Female,own,731,0
42,124771,238698,fair,21,Female,own,343,1
58,510826,987486,good,24,Male,own,147,0
39,431254,992592,good,0,Female,own,38,0
21,441909,445089,good,17,Female,rent,326,0
68,463461,206760,fair,19,Female,own,816,0
43,252305,733835,fair,5,Female,mortgage,76,0
37,498551,834085,excellent,1,Female,own,776,0
42,236595,576082,fair,16,Male,mortgage,95,0
57,94597,800429,good,10,Female,rent,236,0
29,107783,530518,poor,13,Female,own,822,1
60,340711,429320,fair,3,Male,rent,865,0
36,242920,291747,excellent,8,Female,own,294,0
35,228876,99007,good,7,Female,own,269,0
27,490714,197711,fair,6,Female,own,25,1
57,500486,673541,good,0,Female,rent,89,0
26,204813,957436,good,15,Female,own,390,0
57,142303,544784,good,24,Male,own,784,0
49,392630,694001,excellent,1,Male,own,662,0
50,376594,351738,excellent,14,Female,own,124,0
37,293539,350226,excellent,17,Female,rent,163,0
41,395549,843089,good,2,Male,own,224,0
52,331340,745437,good,14,Male,mortgage,819,0
54,155750,18226,good,22,Female,mortgage,59,0
54,235364,807392,good,20,Female,own,703,0
25,443303,223009,good,20,Female,own,560,0
40,210799,334309,excellent,24,Female,own,533,0
68,290484,466605,excellent,12,Male,own,569,0
52,179942,841459,good,12,Male,mortgage,761,0
34,259980,84209,good,21,Male,mortgage,476,0
51,109227,704566,poor,21,Female,own,220,0
64,529023,99283,poor,12,Female,own,22,0
32,105325,523661,poor,1,Female,own,457,0
47,527736,1005665,excellent,3,Female,own,996,0
38,410355,947212,good,10,Female,rent,251,0
32,66894,679583,good,24,Male,rent,965,0
68,303694,145070,excellent,23,Male,own,977,0
24,351373,922478,excellent,15,Female,mortgage,707,0
27,33491,995667,excellent,8,Female,own,987,0
43,521607,540917,excellent,11,Male,own,310,0
53,500857,933331,fair,3,Female,rent,589,0
54,156343,444056,poor,24,Female,rent,975,0
31,300361,903818,good,13,Female,mortgage,997,1
27,185211,764329,poor,14,Female,rent,929,0
21,111572,912809,fair,6,Female,own,345,0
51,461621,426631,excellent,3,Female,rent,725,0
61,235287,778148,fair,14,Female,own,623,0
31,221659,695843,good,3,Male,own,303,0
46,464195,736587,poor,21,Female,rent,968,0
52,133396,270755,fair,17,Male,mortgage,138,0
69,117769,614748,excellent,2,Male,own,423,0
21,86812,264262,good,10,Female,rent,632,0
66,487327,375760,poor,6,Male,rent,445,0
28,67968,253159,good,14,Male,rent,833,0
21,115042,873391,good,23,Female,own,556,1
39,280234,31856,good,20,Female,rent,654,1
40,406884,257288,poor,6,Female,rent,804,0
36,442699,504366,good,12,Female,own,843,0
24,519074,531087,good,1,Male,own,252,0
47,529555,595958,good,5,Female,own,630,1
32,167704,401623,fair,18,Female,rent,159,0
37,62702,961638,good,8,Male,rent,453,0
36,287771,995101,poor,9,Female,mortgage,40,0
31,32177,65200,poor,20,Male,mortgage,108,0
39,312167,110830,fair,24,Female,own,164,0
50,359095,705764,excellent,3,Male,own,997,0
21,458939,915767,poor,18,Male,rent,571,0
30,115909,795821,good,19,Male,own,793,0
53,521081,700058,excellent,1,Male,rent,791,0
55,141459,39633,good,19,Male,own,756,1
58,412344,1009267,good,24,Female,own,874,1
27,299514,391965,excellent,16,Male,rent,239,0
31,524207,418910,good,24,Male,rent,207,0
41,302158,386347,good,13,Male,mortgage,931,0
50,341387,221318,good,15,Female,own,354,0
20,118197,11003,fair,24,Male,rent,351,0
62,222582,849438,poor,2,Male,own,114,0
23,502689,411293,poor,21,Male,rent,449,0
37,525579,758289,excellent,5,Male,own,885,1
26,178228,429600,good,9,Female,own,582,0
58,238702,471904,good,17,Male,own,469,0
64,298503,785922,poor,24,Female,mortgage,959,0
64,412892,442080,good,12,Female,own,596,0
54,255977,57107,good,14,Male,own,670,0
43,362120,773983,poor,13,Female,mortgage,200,0
23,402027,223600,good,21,Female,own,465,0
24,395451,368278,good,0,Female,own,710,0
55,215935,165857,excellent,19,Male,rent,246,0
51,511757,54891,good,4,Female,own,900,0
65,441925,216678,fair,1,Male,rent,681,0
35,391359,1002464,good,6,Female,own,535,0
29,383094,262806,poor,7,Female,own,683,1
30,282002,867648,good,20,Male,own,221,0
38,409301,738786,good,14,Male,mortgage,872,0
25,57528,880323,poor,4,Male,own,666,1
46,196615,176107,poor,19,Female,mortgage,842,0
69,289462,77567,fair,9,Male,mortgage,553,1
35,148244,279902,poor,21,Female,own,556,0
69,174475,171498,good,22,Female,rent,932,0
50,473216,158061,excellent,6,Female,rent,392,0
26,506194,250467,poor,17,Male,mortgage,762,0
40,246440,304697,excellent,1,Female,own,755,0
21,386203,844903,poor,16,Female,own,844,0
29,36284,152297,good,12,Female,mortgage,815,0
37,419819,421619,good,0,Female,own,635,0
22,176341,973407,poor,1,Male,own,580,0
59,282519,288640,good,11,Male,mortgage,133,0
22,50885,692595,excellent,20,Male,own,510,0
60,350587,202240,good,15,Female,own,886,1
21,156464,951594,good,14,Male,mortgage,778,0
25,312066,866877,excellent,19,Female,mortgage,727,0
59,436519,537548,fair,4,Male,own,737,0
51,363024,660409,excellent,20,Female,rent,406,0
60,89000,865458,poor,8,Male,own,896,0
43,117031,752074,fair,13,Male,mortgage,609,0
31,281551,859038,good,9,Female,own,217,0
43,199560,851651,fair,21,Female,mortgage,345,0
32,158930,662531,excellent,0,Male,mortgage,926,0
61,457645,862588,poor,11,Male,rent,392,0
64,296454,705772,good,0,Male,rent,62,0
22,144259,260695,good,7,Male,own,139,0
50,52265,802305,good,14,Male,rent,751,1
36,246165,562072,fair,3,Female,mortgage,830,0
50,341352,953662,fair,23,Male,own,140,0
53,284256,336676,fair,9,Female,own,16,0
67,101173,472524,excellent,0,Male,own,118,0
56,399297,86834,poor,22,Male,mortgage,800,0
37,222931,618148,fair,14,Female,rent,946,0
34,160047,421065,poor,5,Female,mortgage,756,1
43,482418,636485,poor,12,Male,mortgage,135,0
35,101612,125795,fair,16,Male,mortgage,407,0
23,406273,145907,poor,7,Female,mortgage,946,1
20,65356,742993,poor,16,Male,mortgage,875,0
38,124432,410997,good,13,Female,own,83,0
37,175297,734742,fair,13,Female,own,644,0
64,204834,595562,poor,0,Male,mortgage,722,0
65,166667,241414,good,16,Male,own,328,0
69,121631,209430,good,3,Female,rent,754,0
57,188144,593281,excellent,0,Female,mortgage,243,0
68,469701,252161,good,23,Male,own,912,0
57,396719,489769,good,19,Female,own,367,1
39,72467,371920,good,17,Male,mortgage,607,0
26,374451,294412,poor,7,Female,own,984,0
49,150842,491352,good,18,Female,own,890,0
34,197780,318592,poor,14,Male,own,858,0
23,305512,429585,good,17,Male,own,164,1
36,154724,763555,poor,14,Female,own,378,0
45,71156,751973,poor,7,Male,own,118,1
32,310198,548242,excellent,6,Female,own,25,0
46,181317,866155,poor,12,Female,mortgage,753,0
55,254902,760015,fair,19,Female,rent,47,0
66,97645,177734,excellent,15,Female,mortgage,917,1
29,57118,735154,good,14,Male,mortgage,148,1
48,482123,928263,good,3,Female,mortgage,272,0
36,54691,937863,poor,23,Female,mortgage,298,0
53,402549,744480,excellent,13,Male,mortgage,57,0
48,319423,390098,good,0,Male,rent,330,0
35,173021,471524,good,15,Female,own,947,0
25,301110,331886,fair,6,Female,rent,959,0
51,165070,36127,poor,0,Female,mortgage,629,0
20,94003,462996,good,22,Male,mortgage,134,0
60,374276,409886,fair,17,Male,own,380,1
63,148895,593671,poor,17,Female,own,792,0
63,349708,384656,fair,23,Female,rent,829,0
64,421075,381509,poor,11,Male,mortgage,146,0
30,33886,739920,excellent,7,Female,own,299,0
28,481283,368495,good,15,Male,mortgage,539,0
47,56045,810112,fair,23,Female,own,51,1
67,445425,748640,good,14,Female,own,721,0
21,504485,827382,good,3,Female,rent,728,0
41,371711,824967,good,10,Male,mortgage,799,0
56,344922,821277,fair,23,Male,own,354,1
23,92322,144135,good,14,Male,rent,285,0
68,420226,862340,good,7,Female,own,678,0
66,63964,802604,poor,1,Female,own,553,0
48,207188,91908,poor,11,Male,own,988,1
49,503799,986535,good,12,Male,rent,457,1
56,209234,837960,fair,18,Female,own,869,0
60,180494,395366,excellent,21,Male,mortgage,589,0
33,142454,551490,good,4,Male,rent,461,0
24,412424,568239,fair,16,Female,own,987,0
36,57552,479390,excellent,17,Male,rent,828,0
64,143648,877140,poor,21,Female,own,517,0
56,458540,952320,excellent,22,Female,own,668,0
49,102829,298840,excellent,1,Male,rent,25,1
23,436225,344655,fair,2,Female,own,498,0
49,222017,185899,excellent,2,Male,mortgage,373,0
61,191566,796288,poor,4,Female,rent,631,1
27,429488,192030,poor,15,Male,mortgage,684,0
32,467989,403730,good,5,Female,own,916,1
29,445546,710408,good,6,Male,own,905,1
49,112405,226780,fair,7,Female,own,86,0
46,412253,553818,excellent,23,Female,own,541,1
50,398798,547604,poor,9,Male,mortgage,904,0
36,84303,763696,good,10,Female,own,526,0
27,120277,178735,poor,18,Male,rent,672,0
65,249486,77643,fair,4,Male,own,132,0
66,490691,881063,fair,2,Female,own,382,0
37,524315,509695,good,23,Female,own,287,0
67,228392,899805,good,18,Female,own,614,0
41,32117,324755,excellent,21,Female,rent,686,0
51,261449,434150,good,23,Female,rent,772,0
27,120963,951462,good,3,Female,rent,88,0
69,340807,122589,fair,1,Female,own,169,1
27,232566,62251,poor,7,Male,mortgage,221,0
48,280893,914189,good,8,Female,mortgage,338,0
53,149404,654072,fair,18,Female,own,367,0
24,221956,763756,fair,24,Male,rent,226,0
27,309075,372510,poor,24,Female,mortgage,366,1
46,278814,344310,fair,9,Female,mortgage,459,0
51,80329,439336,good,20,Female,mortgage,468,0
45,447955,792158,good,12,Male,mortgage,97,0
36,98261,538512,fair,21,Female,mortgage,284,0
20,173583,403753,fair,9,Male,own,355,0
38,371858,856787,excellent,6,Male,rent,76,1
40,177352,366829,good,8,Female,mortgage,203,1
57,294620,369735,excellent,16,Female,own,567,0
54,427433,75978,good,20,Female,rent,461,0
27,440291,767145,excellent,24,Female,mortgage,55,0
37,404048,562037,excellent,17,Male,rent,397,0
41,68503,387010,excellent,23,Male,mortgage,637,0
38,323097,665654,good,17,Male,own,293,0
45,113828,892682,good,19,Female,rent,378,0
36,35166,835888,good,19,Male,own,246,0
64,492097,193606,good,1,Female,own,583,0
24,79715,554451,good,17,Female,rent,224,1
43,517071,926473,good,13,Female,rent,198,0
57,473461,169040,good,22,Female,rent,168,0
68,485482,57975,poor,6,Female,own,430,0
39,278386,629309,fair,6,Female,own,82,0
24,372685,598389,excellent,19,Male,own,198,0
36,159367,20357,good,8,Male,own,551,0
68,424588,522733,poor,16,Male,own,231,0
69,301269,703432,good,16,Male,own,886,0
23,53008,867109,fair,4,Female,rent,333,0
51,377758,844486,poor,3,Male,own,321,0
21,178586,214592,good,16,Male,rent,573,0
60,349563,852344,good,7,Female,rent,556,0
51,494359,601509,poor,2,Male,mortgage,772,0
55,76300,497073,excellent,11,Female,mortgage,313,0
50,68024,725246,excellent,6,Female,rent,790,0
65,186600,568250,poor,21,Female,own,342,0
68,461988,507930,poor,5,Male,rent,308,0
32,40046,279068,excellent,21,Female,own,996,0
67,207884,691313,excellent,22,Male,mortgage,601,0
44,523666,673553,excellent,3,Female,own,17,1
39,480502,339722,good,0,Female,mortgage,145,0
66,164529,532839,fair,16,Male,own,428,0
65,337331,315845,good,2,Female,own,382,0
42,371917,680527,excellent,18,Female,rent,172,0
38,191014,653947,good,18,Female,mortgage,104,0
41,369637,393343,good,18,Male,rent,769,0
46,191153,585562,poor,7,Male,own,547,0
20,305720,504296,good,3,Male,mortgage,11,0
40,373838,54244,fair,23,Male,own,37,0
44,486995,652038,good,19,Female,own,923,1
36,386015,489099,excellent,0,Female,rent,300,0
34,376254,829414,excellent,23,Male,own,42,1
55,332768,923661,good,18,Female,mortgage,376,1
68,241310,298034,fair,5,Female,own,626,0
65,475096,753651,fair,13,Male,own,662,0
26,337646,630890,excellent,12,Male,mortgage,804,0
30,386787,441600,fair,21,Male,rent,638,0
25,118880,19804,excellent,12,Female,rent,849,0
61,406209,57414,good,23,Male,mortgage,718,0
49,403318,477488,poor,11,Female,mortgage,130,0
23,446176,902764,good,10,Male,own,581,0
26,99972,545327,excellent,1,Female,own,173,0
51,205116,90579,excellent,24,Male,rent,983,0
60,406235,802605,poor,18,Male,mortgage,211,0
33,200468,694349,excellent,2,Male,rent,206,0
39,246575,329160,good,1,Female,mortgage,340,0
64,152722,548669,fair,20,Female,own,810,0
28,486970,930553,excellent,8,Male,mortgage,533,1
21,147175,272250,good,13,Male,own,403,0
33,37680,879959,good,9,Female,own,941,0
59,297068,97660,fair,5,Male,mortgage,698,0
35,38106,681072,good,11,Female,own,821,0
22,154298,695624,poor,19,Female,own,302,0
65,70411,504403,excellent,23,Female,own,805,0
48,386228,457270,fair,3,Female,own,619,0
45,153576,753328,poor,0,Female,own,225,0
57,169989,919182,fair,15,Female,own,883,0
34,174858,919069,good,15,Female,own,705,0
49,144895,731912,good,10,Female,mortgage,240,1
27,210967,938754,good,3,Male,own,374,0
68,392952,173448,good,21,Female,own,552,0
61,159283,439382,fair,3,Female,own,625,0
39,212258,332697,good,21,Female,own,923,0
27,167335,628621,good,21,Male,own,382,0
51,392313,924431,fair,7,Male,own,401,0
47,168782,1005530,excellent,20,Female,own,665,0
22,474192,290885,poor,0,Female,own,936,0
44,429047,325045,good,19,Female,mortgage,939,0
30,43590,235659,excellent,1,Female,mortgage,207,0
32,256117,30387,good,18,Female,rent,621,0
63,470626,905299,good,6,Male,own,259,0
48,132576,748893,fair,24,Male,mortgage,795,0
40,491730,685247,good,6,Male,rent,159,0
24,399498,953520,good,7,Female,own,456,1
56,323948,375607,good,12,Male,own,473,0
33,510314,497170,good,23,Female,mortgage,786,0
58,358453,89051,excellent,12,Female,rent,398,0
26,287175,34410,poor,0,Male,own,141,0
54,368730,758353,fair,3,Male,rent,893,0
25,156576,233511,fair,2,Male,rent,578,0
29,38731,366110,good,22,Male,own,241,0
52,127288,290775,good,0,Male,rent,663,0
52,489048,56767,good,17,Male,mortgage,431,0
50,433002,139408,good,0,Female,own,957,0